"id","variable","before_date","after_date","gap_days","before_time_str","before_value","after_time_str","after_value","days_to_fill"
"AS14.01","appCat.finance",2014-03-28,2014-03-31,3,"2014-03-28 00:15:58",5.013,"2014-03-31 17:38:51",8.841,2
"AS14.01","appCat.finance",2014-04-08,2014-04-11,3,"2014-04-08 19:22:10",4.012,"2014-04-11 18:31:08",22.091,2
"AS14.01","appCat.finance",2014-04-11,2014-04-13,2,"2014-04-11 18:31:08",22.091,"2014-04-13 14:55:48",5.012,1
"AS14.01","appCat.finance",2014-04-15,2014-04-18,3,"2014-04-15 10:51:50",4.013,"2014-04-18 12:03:40",4.27,2
"AS14.01","appCat.finance",2014-04-26,2014-04-28,2,"2014-04-26 10:36:08",4.008,"2014-04-28 10:15:12",3.008,1
"AS14.01","appCat.finance",2014-04-28,2014-04-30,2,"2014-04-28 10:15:12",3.008,"2014-04-30 12:45:23",6.024,1
"AS14.01","appCat.game",2014-03-28,2014-03-31,3,"2014-03-28 18:30:14",41.125,"2014-03-31 14:07:30",51.176,2
"AS14.01","appCat.office",2014-03-21,2014-03-24,3,"2014-03-21 11:17:02",62.281,"2014-03-24 11:00:01",3.01,2
"AS14.01","appCat.office",2014-03-24,2014-03-27,3,"2014-03-24 11:00:01",3.01,"2014-03-27 11:12:57",68.235,2
"AS14.01","appCat.office",2014-04-07,2014-04-10,3,"2014-04-07 12:53:47",17.107,"2014-04-10 11:19:56",23.195,2
"AS14.01","appCat.travel",2014-03-22,2014-03-24,2,"2014-03-22 09:53:13",37.305,"2014-03-24 13:32:32",21.97,1
"AS14.01","appCat.travel",2014-03-24,2014-03-27,3,"2014-03-24 13:32:32",21.97,"2014-03-27 18:49:55",44.302,2
"AS14.01","appCat.travel",2014-03-29,2014-03-31,2,"2014-03-29 12:09:53",39.224,"2014-03-31 09:39:31",41.176,1
"AS14.01","appCat.travel",2014-04-01,2014-04-03,2,"2014-04-01 10:59:31",52.663,"2014-04-03 22:51:51",19.082,1
"AS14.01","appCat.travel",2014-04-05,2014-04-07,2,"2014-04-05 12:25:02",46.376,"2014-04-07 13:10:11",60.247,1
"AS14.01","appCat.travel",2014-04-12,2014-04-14,2,"2014-04-12 22:43:36",5.031,"2014-04-14 13:27:45",5.015,1
"AS14.01","appCat.travel",2014-04-15,2014-04-18,3,"2014-04-15 15:31:00",8.363,"2014-04-18 14:08:26",16.051,2
"AS14.01","appCat.travel",2014-04-19,2014-04-21,2,"2014-04-19 14:25:13",68.465,"2014-04-21 13:58:30",1.009,1
"AS14.01","appCat.travel",2014-04-21,2014-04-24,3,"2014-04-21 13:58:30",1.009,"2014-04-24 22:26:13",14.061,2
"AS14.01","appCat.travel",2014-04-26,2014-04-29,3,"2014-04-26 10:50:33",65.344,"2014-04-29 11:26:45",34.954,2
"AS14.01","appCat.travel",2014-04-30,2014-05-03,3,"2014-04-30 13:32:17",84.777,"2014-05-03 20:10:27",143.631,2
"AS14.01","appCat.utilities",2014-04-12,2014-04-14,2,"2014-04-12 10:17:28",19.081,"2014-04-14 07:50:38",14.113,1
"AS14.01","appCat.utilities",2014-05-03,2014-05-05,2,"2014-05-03 10:05:30",76.319,"2014-05-05 00:15:26",164.567,1
"AS14.02","activity",2014-04-17,2014-04-19,2,"2014-04-17 20:00:00",0.555555555555556,"2014-04-19 07:00:00",0.5,1
"AS14.02","activity",2014-04-19,2014-04-22,3,"2014-04-19 07:00:00",0.5,"2014-04-22 17:00:00",0.15,2
"AS14.02","appCat.builtin",2014-04-17,2014-04-19,2,"2014-04-17 20:57:46",2.007,"2014-04-19 07:19:00",10.09,1
"AS14.02","appCat.communication",2014-04-15,2014-04-17,2,"2014-04-15 07:40:35",4.432,"2014-04-17 20:57:49",10.993,1
"AS14.02","appCat.communication",2014-04-17,2014-04-19,2,"2014-04-17 20:57:49",10.993,"2014-04-19 07:18:52",7.602,1
"AS14.02","appCat.entertainment",2014-04-11,2014-04-13,2,"2014-04-11 01:04:49",10.844,"2014-04-13 08:19:37",262.458,1
"AS14.02","appCat.other",2014-03-14,2014-03-16,2,"2014-03-14 09:43:22",55.026,"2014-03-16 13:35:48",30.172,1
"AS14.02","appCat.social",2014-03-14,2014-03-16,2,"2014-03-14 17:29:46",6.458,"2014-03-16 09:12:26",15.75,1
"AS14.02","appCat.travel",2014-03-19,2014-03-21,2,"2014-03-19 18:46:29",96.495,"2014-03-21 15:49:54",35.288,1
"AS14.02","appCat.travel",2014-03-29,2014-04-01,3,"2014-03-29 09:19:53",64.037,"2014-04-01 19:57:15",52.7,2
"AS14.02","appCat.travel",2014-04-01,2014-04-03,2,"2014-04-01 19:57:15",52.7,"2014-04-03 17:20:24",66.015,1
"AS14.02","appCat.travel",2014-04-03,2014-04-05,2,"2014-04-03 17:20:24",66.015,"2014-04-05 15:43:49",1.422,1
"AS14.02","appCat.utilities",2014-04-10,2014-04-12,2,"2014-04-10 17:29:18",1.017,"2014-04-12 19:09:37",1.063,1
"AS14.02","appCat.utilities",2014-04-12,2014-04-14,2,"2014-04-12 19:09:37",1.063,"2014-04-14 16:10:26",1.006,1
"AS14.02","screen",2014-04-17,2014-04-19,2,"2014-04-17 20:57:46",14.3989999294281,"2014-04-19 07:18:52",155.77999997139,1
"AS14.02","screen",2014-04-19,2014-04-22,3,"2014-04-19 07:18:52",155.77999997139,"2014-04-22 17:53:30",10.1019999980927,2
"AS14.03","appCat.finance",2014-03-26,2014-03-29,3,"2014-03-26 16:42:40",15.063,"2014-03-29 19:34:01",49.371,2
"AS14.03","appCat.finance",2014-03-29,2014-03-31,2,"2014-03-29 19:34:01",49.371,"2014-03-31 18:25:08",25.146,1
"AS14.03","appCat.finance",2014-04-04,2014-04-07,3,"2014-04-04 17:34:19",47.284,"2014-04-07 22:30:51",4.087,2
"AS14.03","appCat.finance",2014-04-09,2014-04-11,2,"2014-04-09 21:59:46",28.57,"2014-04-11 14:11:51",17.149,1
"AS14.03","appCat.finance",2014-04-11,2014-04-14,3,"2014-04-11 14:11:51",17.149,"2014-04-14 21:01:33",28.19,2
"AS14.03","appCat.finance",2014-04-14,2014-04-16,2,"2014-04-14 21:01:33",28.19,"2014-04-16 11:42:18",18.113,1
"AS14.03","appCat.finance",2014-04-21,2014-04-23,2,"2014-04-21 12:26:44",23.194,"2014-04-23 08:59:08",40.741,1
"AS14.03","appCat.finance",2014-04-25,2014-04-28,3,"2014-04-25 09:37:50",24,"2014-04-28 18:27:16",16.065,2
"AS14.03","appCat.finance",2014-04-29,2014-05-02,3,"2014-04-29 08:18:51",10.169,"2014-05-02 10:39:44",18.108,2
"AS14.03","appCat.finance",2014-05-02,2014-05-05,3,"2014-05-02 10:39:44",18.108,"2014-05-05 12:18:41",13.243,2
"AS14.03","appCat.office",2014-03-21,2014-03-23,2,"2014-03-21 15:00:21",10.046,"2014-03-23 10:13:41",1.42,1
"AS14.03","appCat.office",2014-03-28,2014-03-30,2,"2014-03-28 11:36:28",6.043,"2014-03-30 12:04:52",26.284,1
"AS14.03","appCat.office",2014-03-30,2014-04-01,2,"2014-03-30 12:04:52",26.284,"2014-04-01 10:08:15",2.208,1
"AS14.03","appCat.office",2014-04-02,2014-04-04,2,"2014-04-02 19:41:35",12.586,"2014-04-04 18:00:20",6.163,1
"AS14.03","appCat.office",2014-04-05,2014-04-07,2,"2014-04-05 14:43:42",1.033,"2014-04-07 18:38:03",10.261,1
"AS14.03","appCat.office",2014-04-11,2014-04-13,2,"2014-04-11 15:17:34",2.1,"2014-04-13 21:49:17",38.363,1
"AS14.03","appCat.office",2014-04-16,2014-04-18,2,"2014-04-16 12:00:27",9.028,"2014-04-18 12:23:13",1.14,1
"AS14.03","appCat.office",2014-04-22,2014-04-25,3,"2014-04-22 11:52:17",5.016,"2014-04-25 10:21:17",15.216,2
"AS14.03","appCat.office",2014-04-29,2014-05-01,2,"2014-04-29 18:18:20",6.506,"2014-05-01 17:00:17",29.208,1
"AS14.03","appCat.other",2014-05-05,2014-05-07,2,"2014-05-05 09:11:10",140.508,"2014-05-07 08:41:09",168.965,1
"AS14.03","appCat.social",2014-04-26,2014-04-28,2,"2014-04-26 19:14:46",11.177,"2014-04-28 16:25:15",5.665,1
"AS14.03","appCat.travel",2014-03-23,2014-03-26,3,"2014-03-23 10:17:49",32.334,"2014-03-26 13:41:09",1.738,2
"AS14.03","appCat.travel",2014-04-02,2014-04-05,3,"2014-04-02 08:42:37",14.516,"2014-04-05 23:21:55",14.152,2
"AS14.03","appCat.travel",2014-05-03,2014-05-05,2,"2014-05-03 14:33:52",54.462,"2014-05-05 17:13:11",70.925,1
"AS14.03","appCat.unknown",2014-03-26,2014-03-28,2,"2014-03-26 07:51:08",1.585,"2014-03-28 00:00:26",27.282,1
"AS14.03","appCat.unknown",2014-03-28,2014-03-30,2,"2014-03-28 00:00:26",27.282,"2014-03-30 22:33:29",35.267,1
"AS14.03","appCat.unknown",2014-04-04,2014-04-06,2,"2014-04-04 23:29:28",315.509,"2014-04-06 22:50:56",23.094,1
"AS14.03","appCat.unknown",2014-04-12,2014-04-14,2,"2014-04-12 22:17:14",21.096,"2014-04-14 23:25:26",11.226,1
"AS14.03","appCat.unknown",2014-04-18,2014-04-20,2,"2014-04-18 00:06:22",3.099,"2014-04-20 15:23:01",12.211,1
"AS14.03","appCat.unknown",2014-04-20,2014-04-22,2,"2014-04-20 15:23:01",12.211,"2014-04-22 22:27:30",23.108,1
"AS14.03","appCat.unknown",2014-04-25,2014-04-27,2,"2014-04-25 23:37:05",33.193,"2014-04-27 23:45:12",29.861,1
"AS14.03","appCat.unknown",2014-04-30,2014-05-03,3,"2014-04-30 21:21:47",40.32,"2014-05-03 23:14:29",15.146,2
"AS14.03","appCat.utilities",2014-03-22,2014-03-24,2,"2014-03-22 21:42:38",4.35,"2014-03-24 17:00:09",5.136,1
"AS14.03","appCat.utilities",2014-03-25,2014-03-27,2,"2014-03-25 12:51:39",21.219,"2014-03-27 09:38:49",13.124,1
"AS14.03","appCat.utilities",2014-03-28,2014-03-31,3,"2014-03-28 08:57:47",7.045,"2014-03-31 09:28:52",5.16,2
"AS14.03","appCat.utilities",2014-03-31,2014-04-03,3,"2014-03-31 09:28:52",5.16,"2014-04-03 10:04:42",22.155,2
"AS14.03","appCat.utilities",2014-04-12,2014-04-14,2,"2014-04-12 12:44:57",9.33,"2014-04-14 21:00:23",17.303,1
"AS14.03","appCat.utilities",2014-04-14,2014-04-16,2,"2014-04-14 21:00:23",17.303,"2014-04-16 20:18:32",7.662,1
"AS14.03","appCat.utilities",2014-04-18,2014-04-21,3,"2014-04-18 20:34:13",7.954,"2014-04-21 17:58:30",5.461,2
"AS14.03","appCat.utilities",2014-04-25,2014-04-28,3,"2014-04-25 12:11:32",10.174,"2014-04-28 08:35:24",7.097,2
"AS14.03","appCat.utilities",2014-04-28,2014-04-30,2,"2014-04-28 08:35:24",7.097,"2014-04-30 13:30:51",10.203,1
"AS14.03","appCat.utilities",2014-05-03,2014-05-05,2,"2014-05-03 14:33:22",11.342,"2014-05-05 17:12:35",6.155,1
"AS14.03","circumplex.arousal",2014-05-05,2014-05-07,2,"2014-05-05 09:00:00",-1,"2014-05-07 08:00:00",-1,1
"AS14.03","circumplex.valence",2014-05-05,2014-05-07,2,"2014-05-05 09:00:00",1,"2014-05-07 08:00:00",1,1
"AS14.03","mood",2014-05-05,2014-05-07,2,"2014-05-05 09:00:00",7,"2014-05-07 08:00:00",8,1
"AS14.05","appCat.builtin",2014-04-28,2014-04-30,2,"2014-04-28 02:44:30",14.125,"2014-04-30 13:56:18",18.319,1
"AS14.05","appCat.social",2014-04-04,2014-04-06,2,"2014-04-04 09:24:56",119.147,"2014-04-06 00:50:39",6.036,1
"AS14.05","appCat.social",2014-04-06,2014-04-09,3,"2014-04-06 00:50:39",6.036,"2014-04-09 19:40:48",7.161,2
"AS14.05","appCat.unknown",2014-03-27,2014-03-29,2,"2014-03-27 11:20:32",62.528,"2014-03-29 01:17:56",1.017,1
"AS14.05","appCat.unknown",2014-04-02,2014-04-04,2,"2014-04-02 16:37:17",1.004,"2014-04-04 15:26:57",1.006,1
"AS14.05","appCat.unknown",2014-04-05,2014-04-07,2,"2014-04-05 15:09:59",62.458,"2014-04-07 11:27:20",46.251,1
"AS14.05","appCat.unknown",2014-04-09,2014-04-12,3,"2014-04-09 19:35:36",1.013,"2014-04-12 12:54:20",1.006,2
"AS14.05","appCat.unknown",2014-04-12,2014-04-14,2,"2014-04-12 12:54:20",1.006,"2014-04-14 18:13:10",122.554,1
"AS14.05","appCat.unknown",2014-04-15,2014-04-17,2,"2014-04-15 09:09:42",1.009,"2014-04-17 09:37:56",1.011,1
"AS14.05","appCat.unknown",2014-04-26,2014-04-28,2,"2014-04-26 18:21:20",3.01,"2014-04-28 11:47:42",42.352,1
"AS14.05","appCat.unknown",2014-04-30,2014-05-02,2,"2014-04-30 13:24:37",13.232,"2014-05-02 09:30:13",38.136,1
"AS14.05","appCat.utilities",2014-03-19,2014-03-22,3,"2014-03-19 01:03:32",6.056,"2014-03-22 10:23:32",7.036,2
"AS14.05","appCat.utilities",2014-03-22,2014-03-24,2,"2014-03-22 10:23:32",7.036,"2014-03-24 23:42:36",153.627,1
"AS14.05","appCat.utilities",2014-03-25,2014-03-27,2,"2014-03-25 01:57:25",6.111,"2014-03-27 12:34:52",21.25,1
"AS14.05","appCat.utilities",2014-04-02,2014-04-04,2,"2014-04-02 15:29:25",4.017,"2014-04-04 19:03:32",12.31,1
"AS14.05","appCat.utilities",2014-04-04,2014-04-06,2,"2014-04-04 19:03:32",12.31,"2014-04-06 00:31:33",25.075,1
"AS14.05","appCat.utilities",2014-04-07,2014-04-09,2,"2014-04-07 10:24:36",12.036,"2014-04-09 07:58:42",4.016,1
"AS14.05","appCat.utilities",2014-04-12,2014-04-14,2,"2014-04-12 13:35:35",13.248,"2014-04-14 08:41:33",11.048,1
"AS14.05","appCat.utilities",2014-04-22,2014-04-24,2,"2014-04-22 13:08:31",3.046,"2014-04-24 15:43:39",10.037,1
"AS14.05","appCat.utilities",2014-04-30,2014-05-02,2,"2014-04-30 18:57:10",10.068,"2014-05-02 00:26:23",17.119,1
"AS14.06","appCat.builtin",2014-04-26,2014-04-28,2,"2014-04-26 05:29:10",4.022,"2014-04-28 08:17:31",3.008,1
"AS14.06","appCat.game",2014-03-30,2014-04-01,2,"2014-03-30 20:30:09",344.01,"2014-04-01 23:22:15",866.915,1
"AS14.06","appCat.game",2014-04-01,2014-04-03,2,"2014-04-01 23:22:15",866.915,"2014-04-03 20:25:58",9.028,1
"AS14.06","appCat.game",2014-04-08,2014-04-10,2,"2014-04-08 00:37:36",636.958,"2014-04-10 13:24:16",9.124,1
"AS14.06","appCat.game",2014-04-10,2014-04-12,2,"2014-04-10 13:24:16",9.124,"2014-04-12 11:21:37",371.671,1
"AS14.06","appCat.office",2014-03-26,2014-03-28,2,"2014-03-26 16:44:00",35.692,"2014-03-28 14:17:50",29.983,1
"AS14.06","appCat.office",2014-03-28,2014-03-31,3,"2014-03-28 14:17:50",29.983,"2014-03-31 17:00:25",27.522,2
"AS14.06","appCat.office",2014-03-31,2014-04-02,2,"2014-03-31 17:00:25",27.522,"2014-04-02 09:10:01",50.966,1
"AS14.06","appCat.office",2014-04-09,2014-04-11,2,"2014-04-09 11:40:49",473.817,"2014-04-11 10:59:05",90.136,1
"AS14.06","appCat.office",2014-04-11,2014-04-14,3,"2014-04-11 10:59:05",90.136,"2014-04-14 20:26:45",29.434,2
"AS14.06","appCat.office",2014-04-26,2014-04-28,2,"2014-04-26 05:28:48",15.297,"2014-04-28 13:49:41",21.327,1
"AS14.06","appCat.office",2014-05-01,2014-05-03,2,"2014-05-01 13:56:16",11.035,"2014-05-03 01:12:10",123.711,1
"AS14.06","appCat.office",2014-05-03,2014-05-06,3,"2014-05-03 01:12:10",123.711,"2014-05-06 10:39:56",15.195,2
"AS14.06","appCat.other",2014-05-05,2014-05-07,2,"2014-05-05 09:47:03",7.099,"2014-05-07 09:39:15",22.381,1
"AS14.06","appCat.travel",2014-03-26,2014-03-28,2,"2014-03-26 16:13:44",21.26,"2014-03-28 16:26:14",24.401,1
"AS14.06","appCat.travel",2014-04-05,2014-04-07,2,"2014-04-05 11:47:04",21.482,"2014-04-07 19:06:23",37.449,1
"AS14.06","appCat.travel",2014-04-13,2014-04-15,2,"2014-04-13 17:37:36",34.555,"2014-04-15 14:28:53",18.202,1
"AS14.06","appCat.travel",2014-04-19,2014-04-21,2,"2014-04-19 11:27:04",116.222,"2014-04-21 19:21:01",36.522,1
"AS14.06","appCat.travel",2014-04-27,2014-04-30,3,"2014-04-27 21:51:53",105.478,"2014-04-30 15:19:19",63.787,2
"AS14.06","appCat.travel",2014-05-02,2014-05-04,2,"2014-05-02 11:40:14",39.759,"2014-05-04 17:15:30",4.015,1
"AS14.06","appCat.weather",2014-04-10,2014-04-12,2,"2014-04-10 07:53:03",26.138,"2014-04-12 11:21:16",16.081,1
"AS14.06","appCat.weather",2014-04-12,2014-04-15,3,"2014-04-12 11:21:16",16.081,"2014-04-15 07:31:09",2.005,2
"AS14.06","circumplex.arousal",2014-05-05,2014-05-07,2,"2014-05-05 09:00:00",0,"2014-05-07 09:00:00",0,1
"AS14.06","circumplex.valence",2014-05-05,2014-05-07,2,"2014-05-05 09:00:00",0,"2014-05-07 09:00:00",1,1
"AS14.06","mood",2014-05-05,2014-05-07,2,"2014-05-05 09:00:00",7,"2014-05-07 09:00:00",8,1
"AS14.07","appCat.entertainment",2014-04-10,2014-04-12,2,"2014-04-10 08:15:44",136.535,"2014-04-12 00:50:42",1106.09,1
"AS14.07","appCat.entertainment",2014-04-15,2014-04-17,2,"2014-04-15 09:00:32",6.023,"2014-04-17 22:38:47",1347.625,1
"AS14.07","appCat.entertainment",2014-04-23,2014-04-25,2,"2014-04-23 14:08:39",14.057,"2014-04-25 23:01:35",153.495,1
"AS14.07","appCat.travel",2014-03-19,2014-03-21,2,"2014-03-19 13:30:14",28.554,"2014-03-21 09:31:02",153.456,1
"AS14.07","appCat.travel",2014-03-22,2014-03-24,2,"2014-03-22 23:06:58",497.622,"2014-03-24 11:50:51",58.215,1
"AS14.07","appCat.travel",2014-03-31,2014-04-02,2,"2014-03-31 15:30:07",26.2,"2014-04-02 09:10:36",130.356,1
"AS14.07","appCat.travel",2014-04-21,2014-04-23,2,"2014-04-21 09:17:15",616.319,"2014-04-23 18:42:18",81.312,1
"AS14.07","appCat.unknown",2014-03-19,2014-03-22,3,"2014-03-19 12:58:32",63.351,"2014-03-22 23:23:36",114.432,2
"AS14.07","appCat.unknown",2014-04-21,2014-04-23,2,"2014-04-21 00:36:12",22.102,"2014-04-23 23:22:22",412.628,1
"AS14.07","appCat.unknown",2014-04-23,2014-04-26,3,"2014-04-23 23:22:22",412.628,"2014-04-26 23:29:52",376.602,2
"AS14.07","appCat.utilities",2014-04-04,2014-04-06,2,"2014-04-04 23:18:44",363.429,"2014-04-06 01:14:39",1.002,1
"AS14.07","appCat.utilities",2014-04-06,2014-04-09,3,"2014-04-06 01:14:39",1.002,"2014-04-09 22:09:39",6.038,2
"AS14.08","appCat.builtin",2014-04-11,2014-04-13,2,"2014-04-11 00:15:21",1.325,"2014-04-13 11:24:47",2.126,1
"AS14.08","appCat.entertainment",2014-03-15,2014-03-18,3,"2014-03-15 18:24:19",32.249,"2014-03-18 20:28:18",138.479,2
"AS14.08","appCat.entertainment",2014-03-26,2014-03-29,3,"2014-03-26 08:52:22",112.399,"2014-03-29 20:47:09",60.037,2
"AS14.08","appCat.entertainment",2014-03-29,2014-03-31,2,"2014-03-29 20:47:09",60.037,"2014-03-31 16:38:19",5.013,1
"AS14.08","appCat.entertainment",2014-04-02,2014-04-05,3,"2014-04-02 18:26:30",19.154,"2014-04-05 23:14:57",76.908,2
"AS14.08","appCat.entertainment",2014-04-08,2014-04-10,2,"2014-04-08 09:17:36",21.155,"2014-04-10 09:32:40",230.726,1
"AS14.08","appCat.entertainment",2014-04-11,2014-04-13,2,"2014-04-11 00:19:33",12.045,"2014-04-13 15:37:50",216.984,1
"AS14.08","appCat.entertainment",2014-04-17,2014-04-19,2,"2014-04-17 08:06:47",59.697,"2014-04-19 06:56:08",50.278,1
"AS14.08","appCat.entertainment",2014-04-22,2014-04-24,2,"2014-04-22 17:35:23",21.094,"2014-04-24 08:50:59",25.219,1
"AS14.08","appCat.entertainment",2014-04-24,2014-04-27,3,"2014-04-24 08:50:59",25.219,"2014-04-27 21:04:20",835.74,2
"AS14.08","appCat.office",2014-04-14,2014-04-16,2,"2014-04-14 11:55:54",45.241,"2014-04-16 13:20:54",48.299,1
"AS14.08","appCat.utilities",2014-03-14,2014-03-16,2,"2014-03-14 07:37:45",10.053,"2014-03-16 20:08:56",11.119,1
"AS14.08","appCat.utilities",2014-03-16,2014-03-19,3,"2014-03-16 20:08:56",11.119,"2014-03-19 11:11:05",8.043,2
"AS14.08","appCat.utilities",2014-03-19,2014-03-21,2,"2014-03-19 11:11:05",8.043,"2014-03-21 09:06:24",24.097,1
"AS14.08","appCat.utilities",2014-03-24,2014-03-26,2,"2014-03-24 10:48:59",6.029,"2014-03-26 09:30:11",11.029,1
"AS14.08","appCat.utilities",2014-04-06,2014-04-08,2,"2014-04-06 08:28:03",11.055,"2014-04-08 19:20:53",15.051,1
"AS14.08","appCat.utilities",2014-04-11,2014-04-13,2,"2014-04-11 00:19:45",3.01,"2014-04-13 12:41:57",5.043,1
"AS14.08","appCat.utilities",2014-04-14,2014-04-16,2,"2014-04-14 07:58:11",5.231,"2014-04-16 13:12:59",8.032,1
"AS14.08","appCat.utilities",2014-04-17,2014-04-19,2,"2014-04-17 08:33:06",3.038,"2014-04-19 18:54:37",7.023,1
"AS14.09","appCat.builtin",2014-04-11,2014-04-13,2,"2014-04-11 11:14:09",2.008,"2014-04-13 11:49:16",9.167,1
"AS14.09","appCat.finance",2014-03-26,2014-03-28,2,"2014-03-26 23:00:48",61.349,"2014-03-28 22:54:30",55.068,1
"AS14.09","appCat.finance",2014-03-28,2014-03-30,2,"2014-03-28 22:54:30",55.068,"2014-03-30 12:48:56",21.601,1
"AS14.09","appCat.finance",2014-04-01,2014-04-03,2,"2014-04-01 14:05:18",123.632,"2014-04-03 00:37:24",21.173,1
"AS14.09","appCat.finance",2014-04-04,2014-04-06,2,"2014-04-04 01:03:17",40.731,"2014-04-06 17:42:17",51.71,1
"AS14.09","appCat.finance",2014-04-09,2014-04-11,2,"2014-04-09 23:35:23",23.372,"2014-04-11 18:20:35",23.749,1
"AS14.09","appCat.finance",2014-04-15,2014-04-17,2,"2014-04-15 23:37:41",148.776,"2014-04-17 22:12:55",36.512,1
"AS14.09","appCat.finance",2014-04-18,2014-04-21,3,"2014-04-18 11:36:27",25.386,"2014-04-21 16:49:00",32.886,2
"AS14.09","appCat.finance",2014-04-21,2014-04-23,2,"2014-04-21 16:49:00",32.886,"2014-04-23 09:59:35",71.327,1
"AS14.09","appCat.finance",2014-04-23,2014-04-25,2,"2014-04-23 09:59:35",71.327,"2014-04-25 17:03:03",47.889,1
"AS14.09","appCat.office",2014-03-22,2014-03-24,2,"2014-03-22 12:18:55",5.042,"2014-03-24 19:38:30",2.045,1
"AS14.09","appCat.office",2014-03-26,2014-03-28,2,"2014-03-26 12:47:33",1.004,"2014-03-28 00:48:32",3.023,1
"AS14.09","appCat.office",2014-03-28,2014-03-31,3,"2014-03-28 00:48:32",3.023,"2014-03-31 00:59:28",4.1,2
"AS14.09","appCat.office",2014-03-31,2014-04-03,3,"2014-03-31 00:59:28",4.1,"2014-04-03 21:09:36",3.03,2
"AS14.09","appCat.office",2014-04-03,2014-04-05,2,"2014-04-03 21:09:36",3.03,"2014-04-05 23:21:27",1.012,1
"AS14.09","appCat.other",2014-04-19,2014-04-21,2,"2014-04-19 15:23:09",7.271,"2014-04-21 10:00:37",10.158,1
"AS14.09","appCat.other",2014-04-21,2014-04-23,2,"2014-04-21 10:00:37",10.158,"2014-04-23 09:04:09",23.765,1
"AS14.09","appCat.social",2014-04-20,2014-04-22,2,"2014-04-20 23:13:34",267.892,"2014-04-22 21:06:18",26.468,1
"AS14.09","appCat.social",2014-04-23,2014-04-26,3,"2014-04-23 20:56:19",28.135,"2014-04-26 12:17:56",8.226,2
"AS14.09","appCat.travel",2014-03-25,2014-03-27,2,"2014-03-25 23:55:05",32.474,"2014-03-27 16:19:32",1.01,1
"AS14.09","appCat.travel",2014-03-29,2014-03-31,2,"2014-03-29 16:22:28",32.36,"2014-03-31 10:55:28",4.033,1
"AS14.09","appCat.travel",2014-04-01,2014-04-03,2,"2014-04-01 18:29:50",84.68,"2014-04-03 10:07:38",16.657,1
"AS14.09","appCat.travel",2014-04-04,2014-04-07,3,"2014-04-04 11:36:35",106.623,"2014-04-07 11:06:07",63.794,2
"AS14.09","appCat.travel",2014-04-09,2014-04-11,2,"2014-04-09 19:16:47",26.014,"2014-04-11 11:06:24",8.451,1
"AS14.09","appCat.travel",2014-04-11,2014-04-13,2,"2014-04-11 11:06:24",8.451,"2014-04-13 00:04:41",111.354,1
"AS14.09","appCat.travel",2014-04-14,2014-04-17,3,"2014-04-14 11:27:05",53.009,"2014-04-17 12:54:31",2.054,2
"AS14.09","appCat.unknown",2014-03-24,2014-03-27,3,"2014-03-24 11:18:42",27.67,"2014-03-27 16:19:36",48.288,2
"AS14.09","appCat.unknown",2014-04-01,2014-04-03,2,"2014-04-01 17:35:46",620.648,"2014-04-03 09:53:10",1.009,1
"AS14.09","appCat.unknown",2014-04-03,2014-04-06,3,"2014-04-03 09:53:10",1.009,"2014-04-06 23:54:20",4.098,2
"AS14.09","appCat.unknown",2014-04-21,2014-04-23,2,"2014-04-21 17:56:53",108.031,"2014-04-23 21:02:37",30.26,1
"AS14.09","appCat.unknown",2014-04-23,2014-04-25,2,"2014-04-23 21:02:37",30.26,"2014-04-25 11:09:03",1.007,1
"AS14.09","appCat.utilities",2014-03-26,2014-03-28,2,"2014-03-26 10:43:36",1.01,"2014-03-28 19:57:29",1.005,1
"AS14.09","appCat.utilities",2014-04-02,2014-04-04,2,"2014-04-02 10:31:57",1.014,"2014-04-04 01:14:06",1.055,1
"AS14.09","appCat.utilities",2014-04-10,2014-04-12,2,"2014-04-10 11:50:16",1.011,"2014-04-12 12:16:20",1.008,1
"AS14.09","appCat.utilities",2014-04-18,2014-04-21,3,"2014-04-18 12:07:13",1.005,"2014-04-21 17:15:24",1.01,2
"AS14.09","appCat.weather",2014-03-30,2014-04-02,3,"2014-03-30 12:29:35",19.441,"2014-04-02 10:50:34",32.864,2
"AS14.12","appCat.finance",2014-04-03,2014-04-05,2,"2014-04-03 00:31:57",4.098,"2014-04-05 21:04:32",4.111,1
"AS14.12","appCat.finance",2014-04-05,2014-04-07,2,"2014-04-05 21:04:32",4.111,"2014-04-07 13:26:03",13.051,1
"AS14.12","appCat.finance",2014-04-15,2014-04-17,2,"2014-04-15 13:07:51",6.016,"2014-04-17 22:13:42",5.253,1
"AS14.12","appCat.finance",2014-04-22,2014-04-24,2,"2014-04-22 14:44:32",5.065,"2014-04-24 13:34:15",3.007,1
"AS14.12","appCat.finance",2014-04-25,2014-04-28,3,"2014-04-25 11:22:39",5.016,"2014-04-28 22:20:55",4.011,2
"AS14.12","appCat.finance",2014-04-28,2014-05-01,3,"2014-04-28 22:20:55",4.011,"2014-05-01 16:31:26",12.044,2
"AS14.12","appCat.game",2014-04-05,2014-04-07,2,"2014-04-05 11:40:12",4.009,"2014-04-07 19:47:21",5.09,1
"AS14.12","appCat.game",2014-04-07,2014-04-09,2,"2014-04-07 19:47:21",5.09,"2014-04-09 15:45:07",153.669,1
"AS14.12","appCat.office",2014-03-31,2014-04-02,2,"2014-03-31 02:21:25",17.189,"2014-04-02 17:29:38",47.179,1
"AS14.12","appCat.office",2014-04-04,2014-04-07,3,"2014-04-04 14:40:04",76.545,"2014-04-07 08:46:18",5.036,2
"AS14.12","appCat.office",2014-04-09,2014-04-12,3,"2014-04-09 17:21:36",37.25,"2014-04-12 20:55:58",11.059,2
"AS14.12","appCat.office",2014-04-13,2014-04-15,2,"2014-04-13 15:05:34",45.218,"2014-04-15 15:36:20",120.743,1
"AS14.12","appCat.office",2014-04-15,2014-04-17,2,"2014-04-15 15:36:20",120.743,"2014-04-17 10:53:48",107.91,1
"AS14.12","appCat.office",2014-04-17,2014-04-20,3,"2014-04-17 10:53:48",107.91,"2014-04-20 15:55:05",67.375,2
"AS14.12","appCat.office",2014-04-20,2014-04-23,3,"2014-04-20 15:55:05",67.375,"2014-04-23 20:46:28",44.187,2
"AS14.12","appCat.office",2014-04-24,2014-04-27,3,"2014-04-24 13:40:15",27.127,"2014-04-27 21:02:58",15.093,2
"AS14.12","appCat.office",2014-04-27,2014-04-29,2,"2014-04-27 21:02:58",15.093,"2014-04-29 18:57:25",100.885,1
"AS14.12","appCat.travel",2014-03-29,2014-03-31,2,"2014-03-29 01:46:19",79.712,"2014-03-31 19:16:11",187.715,1
"AS14.12","appCat.travel",2014-04-09,2014-04-11,2,"2014-04-09 12:08:40",31.776,"2014-04-11 15:10:32",112.162,1
"AS14.12","appCat.travel",2014-04-13,2014-04-16,3,"2014-04-13 00:00:54",17.126,"2014-04-16 20:29:09",37.789,2
"AS14.12","appCat.travel",2014-04-28,2014-04-30,2,"2014-04-28 18:28:11",59.137,"2014-04-30 13:03:14",55.846,1
"AS14.12","appCat.utilities",2014-04-07,2014-04-09,2,"2014-04-07 00:11:59",4.213,"2014-04-09 00:01:53",8.038,1
"AS14.12","appCat.utilities",2014-04-09,2014-04-12,3,"2014-04-09 00:01:53",8.038,"2014-04-12 00:14:46",1.003,2
"AS14.12","appCat.utilities",2014-04-15,2014-04-17,2,"2014-04-15 14:14:07",5.128,"2014-04-17 23:41:58",5.022,1
"AS14.12","appCat.utilities",2014-04-18,2014-04-20,2,"2014-04-18 20:31:29",4.026,"2014-04-20 16:09:46",0.365,1
"AS14.12","appCat.utilities",2014-04-22,2014-04-25,3,"2014-04-22 11:13:07",4.156,"2014-04-25 23:50:57",12.336,2
"AS14.13","appCat.entertainment",2014-03-16,2014-03-18,2,"2014-03-16 23:23:52",37.964,"2014-03-18 10:35:45",133.628,1
"AS14.13","appCat.entertainment",2014-04-09,2014-04-12,3,"2014-04-09 00:08:55",3.18,"2014-04-12 10:36:14",62.323,2
"AS14.13","appCat.entertainment",2014-04-17,2014-04-19,2,"2014-04-17 21:22:38",73.766,"2014-04-19 23:19:22",268.605,1
"AS14.13","appCat.office",2014-04-10,2014-04-12,2,"2014-04-10 18:22:43",15.069,"2014-04-12 00:28:00",88.843,1
"AS14.13","appCat.office",2014-04-17,2014-04-19,2,"2014-04-17 22:05:33",62.635,"2014-04-19 21:07:58",34.285,1
"AS14.13","appCat.travel",2014-03-14,2014-03-17,3,"2014-03-14 17:13:59",28.616,"2014-03-17 12:46:18",28.126,2
"AS14.13","appCat.travel",2014-03-25,2014-03-27,2,"2014-03-25 00:06:00",409.582,"2014-03-27 10:14:18",289.617,1
"AS14.13","appCat.travel",2014-04-19,2014-04-21,2,"2014-04-19 16:36:19",15.463,"2014-04-21 13:55:47",41.731,1
"AS14.13","appCat.travel",2014-04-21,2014-04-23,2,"2014-04-21 13:55:47",41.731,"2014-04-23 22:33:21",70.989,1
"AS14.13","appCat.travel",2014-04-23,2014-04-26,3,"2014-04-23 22:33:21",70.989,"2014-04-26 05:39:38",57.769,2
"AS14.14","appCat.communication",2014-04-11,2014-04-14,3,"2014-04-11 13:08:45",19.197,"2014-04-14 15:42:15",40.208,2
"AS14.14","appCat.communication",2014-04-27,2014-04-29,2,"2014-04-27 10:49:13",68.669,"2014-04-29 15:30:17",7.484,1
"AS14.14","appCat.communication",2014-04-30,2014-05-02,2,"2014-04-30 00:16:44",8.086,"2014-05-02 17:19:20",7.036,1
"AS14.14","appCat.entertainment",2014-03-24,2014-03-26,2,"2014-03-24 15:08:21",110.47,"2014-03-26 14:05:28",262.667,1
"AS14.14","appCat.other",2014-04-12,2014-04-14,2,"2014-04-12 11:37:28",7.043,"2014-04-14 09:21:54",44.903,1
"AS14.14","appCat.other",2014-04-27,2014-04-29,2,"2014-04-27 10:48:48",15.294,"2014-04-29 15:31:03",7.128,1
"AS14.14","appCat.social",2014-03-29,2014-04-01,3,"2014-03-29 08:06:24",108.653,"2014-04-01 09:15:48",32.446,2
"AS14.14","appCat.social",2014-04-03,2014-04-05,2,"2014-04-03 21:05:30",46.582,"2014-04-05 12:15:08",15.083,1
"AS14.14","appCat.social",2014-04-07,2014-04-09,2,"2014-04-07 15:00:10",18.333,"2014-04-09 14:21:29",13.054,1
"AS14.14","appCat.social",2014-04-15,2014-04-17,2,"2014-04-15 16:56:42",7.222,"2014-04-17 18:41:58",18.177,1
"AS14.14","appCat.social",2014-05-01,2014-05-03,2,"2014-05-01 09:18:41",179.511,"2014-05-03 11:09:30",21.135,1
"AS14.14","appCat.travel",2014-03-21,2014-03-24,3,"2014-03-21 15:13:35",63.638,"2014-03-24 14:06:30",32.33,2
"AS14.14","circumplex.arousal",2014-04-12,2014-04-14,2,"2014-04-12 11:00:00",-1,"2014-04-14 09:00:00",-1,1
"AS14.14","circumplex.arousal",2014-04-27,2014-04-30,3,"2014-04-27 10:00:00",0,"2014-04-30 10:00:00",1,2
"AS14.14","circumplex.valence",2014-04-12,2014-04-14,2,"2014-04-12 11:00:00",1,"2014-04-14 09:00:00",1,1
"AS14.14","circumplex.valence",2014-04-27,2014-04-30,3,"2014-04-27 10:00:00",1,"2014-04-30 10:00:00",1,2
"AS14.14","mood",2014-04-12,2014-04-14,2,"2014-04-12 11:00:00",7,"2014-04-14 09:00:00",7,1
"AS14.14","mood",2014-04-27,2014-04-30,3,"2014-04-27 10:00:00",8,"2014-04-30 10:00:00",7,2
"AS14.15","activity",2014-03-18,2014-03-20,2,"2014-03-18 01:00:00",0,"2014-03-20 04:00:00",0,1
"AS14.15","activity",2014-04-19,2014-04-21,2,"2014-04-19 21:00:00",0.0625,"2014-04-21 09:00:00",0,1
"AS14.15","activity",2014-04-21,2014-04-23,2,"2014-04-21 09:00:00",0,"2014-04-23 16:00:00",0.520833333333333,1
"AS14.15","activity",2014-05-03,2014-05-05,2,"2014-05-03 16:00:00",0.142857142857143,"2014-05-05 05:00:00",0,1
"AS14.15","appCat.builtin",2014-03-15,2014-03-17,2,"2014-03-15 11:32:28",9.74,"2014-03-17 20:18:48",2.605,1
"AS14.15","appCat.builtin",2014-03-18,2014-03-20,2,"2014-03-18 10:54:54",9.062,"2014-03-20 22:44:51",4.02,1
"AS14.15","appCat.builtin",2014-03-30,2014-04-01,2,"2014-03-30 00:25:16",9.96,"2014-04-01 07:56:27",7.035,1
"AS14.15","appCat.builtin",2014-04-02,2014-04-04,2,"2014-04-02 13:06:58",7.04,"2014-04-04 01:36:25",9.976,1
"AS14.15","appCat.builtin",2014-04-07,2014-04-10,3,"2014-04-07 11:41:16",5.084,"2014-04-10 11:21:04",1.062,2
"AS14.15","appCat.builtin",2014-04-12,2014-04-14,2,"2014-04-12 09:30:45",50.332,"2014-04-14 11:06:25",60.167,1
"AS14.15","appCat.builtin",2014-04-14,2014-04-16,2,"2014-04-14 11:06:25",60.167,"2014-04-16 12:07:23",788.049,1
"AS14.15","appCat.builtin",2014-04-19,2014-04-21,2,"2014-04-19 22:00:03",58.998,"2014-04-21 10:00:02",12.2,1
"AS14.15","appCat.builtin",2014-04-21,2014-04-23,2,"2014-04-21 10:00:02",12.2,"2014-04-23 16:39:46",4.1,1
"AS14.15","appCat.builtin",2014-05-01,2014-05-03,2,"2014-05-01 00:13:25",59.655,"2014-05-03 16:48:25",20.068,1
"AS14.15","appCat.builtin",2014-05-03,2014-05-05,2,"2014-05-03 16:48:25",20.068,"2014-05-05 08:30:01",13.032,1
"AS14.15","appCat.communication",2014-03-15,2014-03-18,3,"2014-03-15 11:37:41",102.242,"2014-03-18 10:55:03",30.193,2
"AS14.15","appCat.communication",2014-03-18,2014-03-20,2,"2014-03-18 10:55:03",30.193,"2014-03-20 22:44:55",57.255,1
"AS14.15","appCat.communication",2014-03-26,2014-03-28,2,"2014-03-26 14:32:31",176.503,"2014-03-28 09:18:36",40.227,1
"AS14.15","appCat.communication",2014-03-30,2014-04-01,2,"2014-03-30 00:39:12",90.775,"2014-04-01 07:56:34",4.042,1
"AS14.15","appCat.communication",2014-04-02,2014-04-04,2,"2014-04-02 13:07:14",15.195,"2014-04-04 07:10:53",43.246,1
"AS14.15","appCat.communication",2014-04-04,2014-04-06,2,"2014-04-04 07:10:53",43.246,"2014-04-06 11:45:37",37.193,1
"AS14.15","appCat.communication",2014-04-07,2014-04-10,3,"2014-04-07 11:41:21",26.246,"2014-04-10 10:37:46",60.491,2
"AS14.15","appCat.communication",2014-04-12,2014-04-14,2,"2014-04-12 09:31:36",41.21,"2014-04-14 11:05:24",60.301,1
"AS14.15","appCat.communication",2014-04-14,2014-04-16,2,"2014-04-14 11:05:24",60.301,"2014-04-16 12:21:26",89.757,1
"AS14.15","appCat.communication",2014-04-19,2014-04-21,2,"2014-04-19 22:12:37",15.068,"2014-04-21 09:28:49",52.314,1
"AS14.15","appCat.communication",2014-04-21,2014-04-23,2,"2014-04-21 09:28:49",52.314,"2014-04-23 16:39:50",73.376,1
"AS14.15","appCat.communication",2014-05-03,2014-05-06,3,"2014-05-03 16:50:22",5.012,"2014-05-06 14:57:39",61.284,2
"AS14.15","appCat.office",2014-03-18,2014-03-21,3,"2014-03-18 11:34:24",45.186,"2014-03-21 21:02:10",3.01,2
"AS14.15","appCat.office",2014-03-21,2014-03-24,3,"2014-03-21 21:02:10",3.01,"2014-03-24 10:04:27",21.464,2
"AS14.15","appCat.office",2014-04-14,2014-04-17,3,"2014-04-14 11:44:07",4.028,"2014-04-17 12:38:41",10.038,2
"AS14.15","appCat.office",2014-04-18,2014-04-21,3,"2014-04-18 13:08:54",2.005,"2014-04-21 09:19:32",66.274,2
"AS14.15","appCat.office",2014-04-21,2014-04-23,2,"2014-04-21 09:19:32",66.274,"2014-04-23 17:13:55",28.243,1
"AS14.15","appCat.other",2014-03-18,2014-03-21,3,"2014-03-18 12:18:59",54.256,"2014-03-21 14:55:39",7.064,2
"AS14.15","appCat.other",2014-03-24,2014-03-26,2,"2014-03-24 15:13:02",8.046,"2014-03-26 14:26:29",13.028,1
"AS14.15","appCat.other",2014-03-26,2014-03-28,2,"2014-03-26 14:26:29",13.028,"2014-03-28 09:19:18",7.021,1
"AS14.15","appCat.other",2014-04-11,2014-04-14,3,"2014-04-11 21:14:47",11.077,"2014-04-14 21:25:42",6.016,2
"AS14.15","appCat.other",2014-04-14,2014-04-16,2,"2014-04-14 21:25:42",6.016,"2014-04-16 12:21:18",5.033,1
"AS14.15","appCat.other",2014-04-19,2014-04-21,2,"2014-04-19 21:50:06",596.714,"2014-04-21 22:23:16",60.179,1
"AS14.15","appCat.other",2014-04-21,2014-04-23,2,"2014-04-21 22:23:16",60.179,"2014-04-23 17:06:44",41.228,1
"AS14.15","appCat.other",2014-04-24,2014-04-26,2,"2014-04-24 14:43:42",78.813,"2014-04-26 11:16:25",56.281,1
"AS14.15","appCat.other",2014-04-28,2014-04-30,2,"2014-04-28 15:35:36",7.024,"2014-04-30 23:39:31",71.43,1
"AS14.15","appCat.other",2014-04-30,2014-05-03,3,"2014-04-30 23:39:31",71.43,"2014-05-03 16:52:19",15.069,2
"AS14.15","appCat.social",2014-03-30,2014-04-02,3,"2014-03-30 00:40:51",155.979,"2014-04-02 13:16:09",14.121,2
"AS14.15","appCat.social",2014-04-02,2014-04-04,2,"2014-04-02 13:16:09",14.121,"2014-04-04 13:31:16",189.013,1
"AS14.15","appCat.social",2014-04-11,2014-04-14,3,"2014-04-11 21:15:04",427.776,"2014-04-14 21:47:27",106.218,2
"AS14.15","appCat.social",2014-04-14,2014-04-17,3,"2014-04-14 21:47:27",106.218,"2014-04-17 12:41:07",3.021,2
"AS14.15","appCat.social",2014-04-21,2014-04-24,3,"2014-04-21 23:04:10",170.724,"2014-04-24 15:14:24",12.082,2
"AS14.15","appCat.social",2014-05-03,2014-05-06,3,"2014-05-03 17:26:32",14.115,"2014-05-06 14:58:51",21.101,2
"AS14.15","circumplex.arousal",2014-05-05,2014-05-07,2,"2014-05-05 09:00:00",1,"2014-05-07 10:00:00",0,1
"AS14.15","circumplex.valence",2014-05-05,2014-05-07,2,"2014-05-05 09:00:00",0,"2014-05-07 10:00:00",1,1
"AS14.15","mood",2014-05-05,2014-05-07,2,"2014-05-05 09:00:00",7,"2014-05-07 10:00:00",7,1
"AS14.15","screen",2014-03-15,2014-03-17,2,"2014-03-15 11:32:28",9.78000020980835,"2014-03-17 20:18:50",0.694999933242798,1
"AS14.15","screen",2014-03-18,2014-03-20,2,"2014-03-18 10:54:54",45.9820001125336,"2014-03-20 22:44:51",120.99599981308,1
"AS14.15","screen",2014-03-30,2014-04-01,2,"2014-03-30 00:25:16",9.96800017356873,"2014-04-01 07:56:27",293.917999982834,1
"AS14.15","screen",2014-04-02,2014-04-04,2,"2014-04-02 13:06:58",33.4359998703003,"2014-04-04 01:36:25",9.98599982261658,1
"AS14.15","screen",2014-04-07,2014-04-10,3,"2014-04-07 11:41:16",38.9230000972748,"2014-04-10 10:44:20",61.6400001049042,2
"AS14.15","screen",2014-04-12,2014-04-14,2,"2014-04-12 09:30:45",455.050999879837,"2014-04-14 11:09:48",172.510999917984,1
"AS14.15","screen",2014-04-14,2014-04-16,2,"2014-04-14 11:09:48",172.510999917984,"2014-04-16 12:07:23",788.049999952316,1
"AS14.15","screen",2014-04-19,2014-04-21,2,"2014-04-19 22:04:58",139.779000043869,"2014-04-21 09:28:43",118.25,1
"AS14.15","screen",2014-04-21,2014-04-23,2,"2014-04-21 09:28:43",118.25,"2014-04-23 16:39:46",81.175999879837,1
"AS14.15","screen",2014-05-01,2014-05-03,2,"2014-05-01 00:13:25",59.6670000553131,"2014-05-03 16:48:25",83.5940001010895,1
"AS14.15","screen",2014-05-03,2014-05-05,2,"2014-05-03 16:48:25",83.5940001010895,"2014-05-05 08:30:01",73.8669998645782,1
"AS14.16","appCat.builtin",2014-04-18,2014-04-21,3,"2014-04-18 00:44:45",9.104,"2014-04-21 01:19:07",6.066,2
"AS14.16","appCat.communication",2014-03-18,2014-03-20,2,"2014-03-18 00:05:28",52.367,"2014-03-20 12:26:54",1.342,1
"AS14.16","appCat.communication",2014-03-26,2014-03-28,2,"2014-03-26 09:44:46",5.074,"2014-03-28 15:45:21",98.518,1
"AS14.16","appCat.communication",2014-04-07,2014-04-09,2,"2014-04-07 00:04:01",40.237,"2014-04-09 14:36:49",9.097,1
"AS14.16","appCat.communication",2014-04-11,2014-04-13,2,"2014-04-11 12:42:37",12.106,"2014-04-13 11:49:27",3.01,1
"AS14.16","appCat.communication",2014-04-18,2014-04-21,3,"2014-04-18 07:05:08",43.282,"2014-04-21 20:54:57",60.011,2
"AS14.16","appCat.entertainment",2014-03-15,2014-03-18,3,"2014-03-15 15:12:34",65.813,"2014-03-18 00:44:59",24.453,2
"AS14.16","appCat.entertainment",2014-03-23,2014-03-25,2,"2014-03-23 11:39:43",53.43,"2014-03-25 17:19:51",50.631,1
"AS14.16","appCat.entertainment",2014-03-27,2014-03-30,3,"2014-03-27 00:00:25",1578.506,"2014-03-30 00:37:35",714.691,2
"AS14.16","appCat.entertainment",2014-04-07,2014-04-10,3,"2014-04-07 19:44:37",51.298,"2014-04-10 12:16:36",52.427,2
"AS14.16","appCat.entertainment",2014-04-18,2014-04-21,3,"2014-04-18 07:09:31",56.527,"2014-04-21 21:35:34",62.525,2
"AS14.16","appCat.entertainment",2014-04-22,2014-04-24,2,"2014-04-22 22:41:34",47.518,"2014-04-24 22:05:09",49.52,1
"AS14.16","appCat.entertainment",2014-04-30,2014-05-02,2,"2014-04-30 23:45:02",32.657,"2014-05-02 10:14:57",30.313,1
"AS14.16","appCat.entertainment",2014-05-03,2014-05-05,2,"2014-05-03 00:19:05",41.324,"2014-05-05 00:59:34",14.297,1
"AS14.16","appCat.finance",2014-03-16,2014-03-18,2,"2014-03-16 21:17:28",19.082,"2014-03-18 10:22:09",22.1,1
"AS14.16","appCat.finance",2014-03-24,2014-03-26,2,"2014-03-24 12:52:48",4.015,"2014-03-26 23:58:54",42.66,1
"AS14.16","appCat.finance",2014-03-26,2014-03-29,3,"2014-03-26 23:58:54",42.66,"2014-03-29 09:56:50",19.119,2
"AS14.16","appCat.finance",2014-04-04,2014-04-07,3,"2014-04-04 20:38:50",20.066,"2014-04-07 00:06:40",19.159,2
"AS14.16","appCat.finance",2014-04-07,2014-04-09,2,"2014-04-07 00:06:40",19.159,"2014-04-09 14:37:01",11.053,1
"AS14.16","appCat.other",2014-03-20,2014-03-22,2,"2014-03-20 17:50:14",10.029,"2014-03-22 23:51:49",10.077,1
"AS14.16","appCat.other",2014-03-31,2014-04-03,3,"2014-03-31 12:21:49",8.153,"2014-04-03 11:42:14",8.031,2
"AS14.16","appCat.other",2014-04-11,2014-04-13,2,"2014-04-11 12:42:13",5.014,"2014-04-13 12:19:02",6.052,1
"AS14.16","appCat.other",2014-04-13,2014-04-16,3,"2014-04-13 12:19:02",6.052,"2014-04-16 15:13:59",7.089,2
"AS14.16","appCat.other",2014-04-21,2014-04-23,2,"2014-04-21 21:15:14",14.093,"2014-04-23 15:28:32",9.035,1
"AS14.16","appCat.other",2014-04-23,2014-04-26,3,"2014-04-23 15:28:32",9.035,"2014-04-26 18:31:54",5.046,2
"AS14.16","appCat.other",2014-04-26,2014-04-29,3,"2014-04-26 18:31:54",5.046,"2014-04-29 18:05:38",7.022,2
"AS14.16","appCat.social",2014-03-15,2014-03-17,2,"2014-03-15 15:11:39",44.566,"2014-03-17 18:12:16",216.303,1
"AS14.16","appCat.social",2014-03-17,2014-03-20,3,"2014-03-17 18:12:16",216.303,"2014-03-20 14:47:23",29.503,2
"AS14.16","appCat.social",2014-03-26,2014-03-29,3,"2014-03-26 23:49:57",221.426,"2014-03-29 09:02:02",20.332,2
"AS14.16","appCat.social",2014-03-29,2014-04-01,3,"2014-03-29 09:02:02",20.332,"2014-04-01 11:29:18",38.356,2
"AS14.16","appCat.social",2014-04-07,2014-04-10,3,"2014-04-07 00:06:08",27.222,"2014-04-10 12:14:37",116.898,2
"AS14.16","appCat.social",2014-04-11,2014-04-13,2,"2014-04-11 12:42:21",16.054,"2014-04-13 12:20:30",46.323,1
"AS14.16","appCat.social",2014-04-18,2014-04-21,3,"2014-04-18 07:02:14",104.104,"2014-04-21 21:29:04",33.32,2
"AS14.16","appCat.social",2014-04-23,2014-04-25,2,"2014-04-23 23:29:08",18.024,"2014-04-25 11:14:15",11.592,1
"AS14.16","appCat.social",2014-04-25,2014-04-28,3,"2014-04-25 11:14:15",11.592,"2014-04-28 09:50:45",15.476,2
"AS14.16","appCat.social",2014-04-29,2014-05-02,3,"2014-04-29 17:03:37",13.358,"2014-05-02 10:13:55",60.882,2
"AS14.16","appCat.travel",2014-04-01,2014-04-04,3,"2014-04-01 10:07:59",33.921,"2014-04-04 14:00:05",1.673,2
"AS14.16","circumplex.arousal",2014-05-02,2014-05-04,2,"2014-05-02 14:00:00",2,"2014-05-04 19:00:00",1,1
"AS14.16","circumplex.valence",2014-05-02,2014-05-04,2,"2014-05-02 14:00:00",1,"2014-05-04 19:00:00",1,1
"AS14.16","mood",2014-05-02,2014-05-04,2,"2014-05-02 14:00:00",8,"2014-05-04 19:00:00",7,1
"AS14.16","screen",2014-04-18,2014-04-21,3,"2014-04-18 00:44:45",11.6180000305176,"2014-04-21 01:19:07",18.1059999465942,2
"AS14.17","appCat.entertainment",2014-03-29,2014-03-31,2,"2014-03-29 01:00:11",400.692,"2014-03-31 16:24:10",125.46,1
"AS14.17","appCat.entertainment",2014-04-13,2014-04-15,2,"2014-04-13 11:12:13",168.073,"2014-04-15 10:24:33",864.374,1
"AS14.17","appCat.entertainment",2014-04-18,2014-04-20,2,"2014-04-18 17:20:18",10.033,"2014-04-20 00:33:43",300.158,1
"AS14.17","appCat.entertainment",2014-04-25,2014-04-27,2,"2014-04-25 10:07:02",600.625,"2014-04-27 12:08:54",1.135,1
"AS14.17","appCat.entertainment",2014-05-01,2014-05-03,2,"2014-05-01 16:08:42",13.036,"2014-05-03 13:19:35",158.525,1
"AS14.17","appCat.entertainment",2014-05-03,2014-05-05,2,"2014-05-03 13:19:35",158.525,"2014-05-05 13:16:51",20.078,1
"AS14.17","appCat.office",2014-03-25,2014-03-28,3,"2014-03-25 15:02:52",269.322,"2014-03-28 21:19:45",30.121,2
"AS14.17","appCat.office",2014-04-20,2014-04-23,3,"2014-04-20 00:39:29",256.297,"2014-04-23 22:48:26",31.128,2
"AS14.17","appCat.office",2014-04-23,2014-04-25,2,"2014-04-23 22:48:26",31.128,"2014-04-25 16:07:04",79.135,1
"AS14.17","appCat.office",2014-04-25,2014-04-28,3,"2014-04-25 16:07:04",79.135,"2014-04-28 09:13:41",13.044,2
"AS14.17","appCat.travel",2014-03-24,2014-03-27,3,"2014-03-24 08:56:27",32.918,"2014-03-27 14:46:30",130.541,2
"AS14.17","appCat.travel",2014-04-03,2014-04-05,2,"2014-04-03 09:53:33",35.563,"2014-04-05 11:20:25",3.668,1
"AS14.17","appCat.travel",2014-04-05,2014-04-08,3,"2014-04-05 11:20:25",3.668,"2014-04-08 17:15:34",34.369,2
"AS14.17","appCat.travel",2014-04-11,2014-04-13,2,"2014-04-11 09:30:36",32.118,"2014-04-13 14:24:06",136.523,1
"AS14.17","appCat.travel",2014-04-25,2014-04-27,2,"2014-04-25 10:19:30",1093.853,"2014-04-27 22:06:22",27.316,1
"AS14.17","appCat.travel",2014-04-30,2014-05-02,2,"2014-04-30 08:27:42",26.689,"2014-05-02 11:24:33",82.372,1
"AS14.17","appCat.travel",2014-05-03,2014-05-05,2,"2014-05-03 16:11:11",62.891,"2014-05-05 10:09:41",38.279,1
"AS14.17","appCat.utilities",2014-03-22,2014-03-24,2,"2014-03-22 21:45:15",17.126,"2014-03-24 09:04:59",36.053,1
"AS14.17","appCat.utilities",2014-04-09,2014-04-11,2,"2014-04-09 16:14:27",4.031,"2014-04-11 11:06:39",1.016,1
"AS14.17","appCat.utilities",2014-04-11,2014-04-13,2,"2014-04-11 11:06:39",1.016,"2014-04-13 01:39:36",20.159,1
"AS14.17","appCat.utilities",2014-04-13,2014-04-16,3,"2014-04-13 01:39:36",20.159,"2014-04-16 13:09:52",1.001,2
"AS14.17","appCat.utilities",2014-04-18,2014-04-21,3,"2014-04-18 01:06:24",5.019,"2014-04-21 12:40:42",3.01,2
"AS14.17","appCat.utilities",2014-04-25,2014-04-28,3,"2014-04-25 23:58:44",8.035,"2014-04-28 09:13:23",3.079,2
"AS14.17","appCat.utilities",2014-04-28,2014-04-30,2,"2014-04-28 09:13:23",3.079,"2014-04-30 09:12:42",34.883,1
"AS14.17","appCat.utilities",2014-05-01,2014-05-03,2,"2014-05-01 23:17:36",15.057,"2014-05-03 13:19:15",9.029,1
"AS14.17","appCat.utilities",2014-05-03,2014-05-05,2,"2014-05-03 13:19:15",9.029,"2014-05-05 10:10:57",38.606,1
"AS14.17","circumplex.arousal",2014-05-03,2014-05-05,2,"2014-05-03 09:00:00",-2,"2014-05-05 11:00:00",1,1
"AS14.17","circumplex.valence",2014-05-03,2014-05-05,2,"2014-05-03 09:00:00",1,"2014-05-05 11:00:00",1,1
"AS14.17","mood",2014-05-03,2014-05-05,2,"2014-05-03 09:00:00",7,"2014-05-05 11:00:00",8,1
"AS14.19","appCat.entertainment",2014-03-24,2014-03-27,3,"2014-03-24 13:28:08",13.052,"2014-03-27 15:20:07",242.518,2
"AS14.19","appCat.social",2014-03-23,2014-03-26,3,"2014-03-23 12:31:48",67.619,"2014-03-26 17:54:02",108.181,2
"AS14.19","appCat.social",2014-04-02,2014-04-04,2,"2014-04-02 03:08:12",31.943,"2014-04-04 07:28:48",53.678,1
"AS14.19","appCat.social",2014-04-05,2014-04-07,2,"2014-04-05 20:26:13",53.37,"2014-04-07 13:25:55",18.097,1
"AS14.19","appCat.social",2014-04-07,2014-04-10,3,"2014-04-07 13:25:55",18.097,"2014-04-10 09:00:50",21.852,2
"AS14.19","appCat.social",2014-04-17,2014-04-19,2,"2014-04-17 07:46:23",94.937,"2014-04-19 09:56:44",112.039,1
"AS14.19","appCat.social",2014-04-23,2014-04-25,2,"2014-04-23 13:43:57",84.242,"2014-04-25 12:55:56",63.495,1
"AS14.19","appCat.social",2014-04-25,2014-04-27,2,"2014-04-25 12:55:56",63.495,"2014-04-27 11:03:45",88.163,1
"AS14.19","appCat.social",2014-05-01,2014-05-03,2,"2014-05-01 08:47:26",80.737,"2014-05-03 23:08:27",9.076,1
"AS14.20","activity",2014-04-21,2014-04-23,2,"2014-04-21 00:00:00",0,"2014-04-23 05:00:00",0,1
"AS14.20","appCat.builtin",2014-03-30,2014-04-01,2,"2014-03-30 12:36:16",4.01,"2014-04-01 00:31:19",29.641,1
"AS14.20","appCat.builtin",2014-04-13,2014-04-15,2,"2014-04-13 08:07:41",7.435,"2014-04-15 09:42:23",6.732,1
"AS14.20","appCat.builtin",2014-04-15,2014-04-17,2,"2014-04-15 09:42:23",6.732,"2014-04-17 16:44:08",3.009,1
"AS14.20","appCat.builtin",2014-04-21,2014-04-23,2,"2014-04-21 14:43:33",6.592,"2014-04-23 08:14:15",4.013,1
"AS14.20","appCat.communication",2014-03-20,2014-03-22,2,"2014-03-20 22:52:56",6.086,"2014-03-22 17:08:43",35.033,1
"AS14.20","appCat.communication",2014-03-31,2014-04-02,2,"2014-03-31 19:22:36",5.163,"2014-04-02 03:51:34",17.086,1
"AS14.20","appCat.communication",2014-04-02,2014-04-04,2,"2014-04-02 03:51:34",17.086,"2014-04-04 19:29:51",57.122,1
"AS14.20","appCat.communication",2014-04-07,2014-04-09,2,"2014-04-07 00:01:47",18.185,"2014-04-09 12:20:08",5.031,1
"AS14.20","appCat.communication",2014-04-12,2014-04-15,3,"2014-04-12 12:14:48",56.944,"2014-04-15 09:36:47",5.305,2
"AS14.20","appCat.communication",2014-04-15,2014-04-17,2,"2014-04-15 09:36:47",5.305,"2014-04-17 16:44:11",29.225,1
"AS14.20","appCat.communication",2014-04-17,2014-04-19,2,"2014-04-17 16:44:11",29.225,"2014-04-19 19:06:35",5.307,1
"AS14.20","appCat.communication",2014-04-21,2014-04-23,2,"2014-04-21 00:50:37",19.156,"2014-04-23 06:43:31",43.447,1
"AS14.20","appCat.entertainment",2014-03-20,2014-03-23,3,"2014-03-20 22:53:02",43.303,"2014-03-23 22:02:37",48.255,2
"AS14.20","appCat.entertainment",2014-04-02,2014-04-05,3,"2014-04-02 15:18:12",17.076,"2014-04-05 21:57:55",25.468,2
"AS14.20","appCat.entertainment",2014-04-07,2014-04-09,2,"2014-04-07 00:00:29",77.365,"2014-04-09 05:32:37",109.509,1
"AS14.20","appCat.entertainment",2014-04-15,2014-04-17,2,"2014-04-15 18:40:30",24.137,"2014-04-17 22:14:06",56.504,1
"AS14.20","appCat.entertainment",2014-04-21,2014-04-23,2,"2014-04-21 15:23:01",14.783,"2014-04-23 06:43:19",12.065,1
"AS14.20","appCat.entertainment",2014-04-26,2014-04-28,2,"2014-04-26 02:48:35",122.576,"2014-04-28 07:20:56",89.912,1
"AS14.20","appCat.game",2014-03-25,2014-03-27,2,"2014-03-25 21:10:07",141.273,"2014-03-27 19:59:53",194.822,1
"AS14.20","appCat.game",2014-03-27,2014-03-29,2,"2014-03-27 19:59:53",194.822,"2014-03-29 12:02:51",494.903,1
"AS14.20","appCat.game",2014-03-29,2014-04-01,3,"2014-03-29 12:02:51",494.903,"2014-04-01 18:17:02",953.245,2
"AS14.20","appCat.game",2014-04-01,2014-04-04,3,"2014-04-01 18:17:02",953.245,"2014-04-04 22:58:15",546.803,2
"AS14.20","appCat.game",2014-04-17,2014-04-19,2,"2014-04-17 21:52:05",88.488,"2014-04-19 20:44:26",196.45,1
"AS14.20","appCat.other",2014-03-26,2014-03-28,2,"2014-03-26 21:47:11",5.31,"2014-03-28 21:27:45",8.027,1
"AS14.20","appCat.other",2014-04-12,2014-04-15,3,"2014-04-12 12:13:55",39.809,"2014-04-15 12:05:48",14.144,2
"AS14.20","appCat.other",2014-04-21,2014-04-23,2,"2014-04-21 15:18:03",14.048,"2014-04-23 09:13:46",12.05,1
"AS14.20","appCat.other",2014-04-25,2014-04-27,2,"2014-04-25 18:09:53",30.251,"2014-04-27 09:06:15",28.103,1
"AS14.20","appCat.social",2014-03-20,2014-03-22,2,"2014-03-20 22:53:45",47.557,"2014-03-22 14:17:49",3.013,1
"AS14.20","appCat.social",2014-03-22,2014-03-24,2,"2014-03-22 14:17:49",3.013,"2014-03-24 05:30:52",8.079,1
"AS14.20","appCat.social",2014-03-27,2014-03-30,3,"2014-03-27 20:12:08",24.09,"2014-03-30 11:04:28",147.992,2
"AS14.20","appCat.social",2014-03-30,2014-04-02,3,"2014-03-30 11:04:28",147.992,"2014-04-02 03:51:51",125.061,2
"AS14.20","appCat.social",2014-04-02,2014-04-04,2,"2014-04-02 03:51:51",125.061,"2014-04-04 23:07:46",93.466,1
"AS14.20","appCat.social",2014-04-04,2014-04-06,2,"2014-04-04 23:07:46",93.466,"2014-04-06 02:55:17",142.797,1
"AS14.20","appCat.social",2014-04-10,2014-04-12,2,"2014-04-10 06:51:14",45.214,"2014-04-12 23:16:01",92.001,1
"AS14.20","appCat.social",2014-04-12,2014-04-15,3,"2014-04-12 23:16:01",92.001,"2014-04-15 18:43:04",21.078,2
"AS14.20","appCat.social",2014-04-15,2014-04-17,2,"2014-04-15 18:43:04",21.078,"2014-04-17 21:49:14",88.24,1
"AS14.20","appCat.social",2014-04-21,2014-04-23,2,"2014-04-21 14:43:39",108.286,"2014-04-23 06:44:49",51.621,1
"AS14.20","appCat.unknown",2014-03-20,2014-03-22,2,"2014-03-20 22:31:20",545.854,"2014-03-22 14:17:52",72.548,1
"AS14.20","appCat.unknown",2014-04-17,2014-04-19,2,"2014-04-17 22:13:26",27.124,"2014-04-19 20:39:32",3.01,1
"AS14.20","screen",2014-04-13,2014-04-15,2,"2014-04-13 08:58:14",5.01699995994568,"2014-04-15 09:36:47",5.30000019073486,1
"AS14.20","screen",2014-04-21,2014-04-23,2,"2014-04-21 10:51:23",24.1010000705719,"2014-04-23 06:43:19",55.5149998664856,1
"AS14.23","appCat.entertainment",2014-04-10,2014-04-12,2,"2014-04-10 00:33:06",118.511,"2014-04-12 13:38:26",123.616,1
"AS14.23","appCat.entertainment",2014-04-15,2014-04-17,2,"2014-04-15 12:06:03",43.211,"2014-04-17 18:39:07",14.545,1
"AS14.23","appCat.game",2014-04-06,2014-04-08,2,"2014-04-06 23:11:19",14.344,"2014-04-08 00:01:18",40.278,1
"AS14.23","appCat.game",2014-04-17,2014-04-19,2,"2014-04-17 10:38:54",15.097,"2014-04-19 13:21:09",104.382,1
"AS14.23","appCat.game",2014-04-20,2014-04-23,3,"2014-04-20 12:55:30",14.687,"2014-04-23 12:03:54",16.089,2
"AS14.23","appCat.office",2014-04-26,2014-04-28,2,"2014-04-26 13:24:53",4.013,"2014-04-28 08:07:12",50.657,1
"AS14.23","appCat.other",2014-04-13,2014-04-15,2,"2014-04-13 09:01:27",27.358,"2014-04-15 09:00:40",30.464,1
"AS14.23","appCat.social",2014-03-24,2014-03-26,2,"2014-03-24 01:29:37",42.497,"2014-03-26 08:00:25",15.067,1
"AS14.23","appCat.social",2014-03-27,2014-03-29,2,"2014-03-27 15:07:33",15.102,"2014-03-29 12:02:02",29.236,1
"AS14.23","appCat.social",2014-04-04,2014-04-06,2,"2014-04-04 23:50:09",28.116,"2014-04-06 03:34:36",18.249,1
"AS14.23","appCat.social",2014-04-18,2014-04-20,2,"2014-04-18 00:28:05",70.531,"2014-04-20 11:58:18",40.271,1
"AS14.23","appCat.social",2014-04-22,2014-04-24,2,"2014-04-22 23:02:25",25.505,"2014-04-24 00:02:02",56.219,1
"AS14.23","appCat.social",2014-05-01,2014-05-03,2,"2014-05-01 09:59:34",102.609,"2014-05-03 23:17:52",14.394,1
"AS14.23","appCat.travel",2014-03-29,2014-03-31,2,"2014-03-29 19:47:16",18.878,"2014-03-31 00:15:48",34.179,1
"AS14.23","appCat.travel",2014-04-04,2014-04-06,2,"2014-04-04 00:08:30",55.262,"2014-04-06 18:02:18",15.073,1
"AS14.23","appCat.travel",2014-04-08,2014-04-11,3,"2014-04-08 01:09:53",69.354,"2014-04-11 17:50:05",14.826,2
"AS14.23","appCat.travel",2014-04-12,2014-04-14,2,"2014-04-12 00:56:41",8.047,"2014-04-14 00:22:19",42.224,1
"AS14.23","appCat.travel",2014-04-24,2014-04-26,2,"2014-04-24 00:04:48",70.298,"2014-04-26 10:25:10",20.075,1
"AS14.23","appCat.travel",2014-04-28,2014-05-01,3,"2014-04-28 01:44:53",36.205,"2014-05-01 21:07:15",47.987,2
"AS14.23","appCat.unknown",2014-03-27,2014-03-29,2,"2014-03-27 09:44:31",256.565,"2014-03-29 00:24:25",26.109,1
"AS14.23","appCat.unknown",2014-04-03,2014-04-05,2,"2014-04-03 12:27:49",21.896,"2014-04-05 01:05:31",9.578,1
"AS14.23","appCat.unknown",2014-04-08,2014-04-11,3,"2014-04-08 09:30:21",57.84,"2014-04-11 13:48:45",72.438,2
"AS14.23","appCat.unknown",2014-04-14,2014-04-17,3,"2014-04-14 00:29:23",199.998,"2014-04-17 00:34:37",19.292,2
"AS14.23","appCat.unknown",2014-04-21,2014-04-23,2,"2014-04-21 22:45:24",8.454,"2014-04-23 12:09:21",4.684,1
"AS14.23","appCat.utilities",2014-03-30,2014-04-01,2,"2014-03-30 19:09:02",48.304,"2014-04-01 12:53:03",35.176,1
"AS14.23","appCat.utilities",2014-04-08,2014-04-10,2,"2014-04-08 01:04:31",9.04,"2014-04-10 01:31:56",2.006,1
"AS14.23","appCat.utilities",2014-04-20,2014-04-22,2,"2014-04-20 00:23:52",7.056,"2014-04-22 08:34:16",2.009,1
"AS14.23","appCat.utilities",2014-04-22,2014-04-25,3,"2014-04-22 08:34:16",2.009,"2014-04-25 01:30:44",9.034,2
"AS14.23","appCat.utilities",2014-04-25,2014-04-27,2,"2014-04-25 01:30:44",9.034,"2014-04-27 19:49:50",10.091,1
"AS14.23","appCat.utilities",2014-04-28,2014-05-01,3,"2014-04-28 01:09:41",11.099,"2014-05-01 00:08:46",23.138,2
"AS14.23","circumplex.arousal",2014-04-13,2014-04-15,2,"2014-04-13 09:00:00",-1,"2014-04-15 09:00:00",-1,1
"AS14.23","circumplex.valence",2014-04-13,2014-04-15,2,"2014-04-13 09:00:00",1,"2014-04-15 09:00:00",1,1
"AS14.23","mood",2014-04-13,2014-04-15,2,"2014-04-13 09:00:00",8,"2014-04-15 09:00:00",7,1
"AS14.24","appCat.entertainment",2014-04-22,2014-04-25,3,"2014-04-22 08:47:29",3.008,"2014-04-25 21:07:30",15.532,2
"AS14.24","appCat.entertainment",2014-04-26,2014-04-28,2,"2014-04-26 20:13:32",3.221,"2014-04-28 21:57:02",31.292,1
"AS14.24","appCat.entertainment",2014-04-30,2014-05-03,3,"2014-04-30 11:29:20",17.134,"2014-05-03 22:36:13",4.022,2
"AS14.24","appCat.entertainment",2014-05-08,2014-05-10,2,"2014-05-08 21:57:30",33.088,"2014-05-10 03:24:41",15.343,1
"AS14.24","appCat.entertainment",2014-05-10,2014-05-12,2,"2014-05-10 03:24:41",15.343,"2014-05-12 12:19:43",10.039,1
"AS14.24","appCat.entertainment",2014-05-19,2014-05-21,2,"2014-05-19 00:10:28",11.035,"2014-05-21 09:10:30",6.251,1
"AS14.24","appCat.entertainment",2014-05-21,2014-05-23,2,"2014-05-21 09:10:30",6.251,"2014-05-23 11:09:22",4.01,1
"AS14.24","appCat.office",2014-04-25,2014-04-28,3,"2014-04-25 08:48:57",36.117,"2014-04-28 21:57:40",8.145,2
"AS14.24","appCat.office",2014-04-28,2014-04-30,2,"2014-04-28 21:57:40",8.145,"2014-04-30 11:18:17",36.37,1
"AS14.24","appCat.office",2014-04-30,2014-05-03,3,"2014-04-30 11:18:17",36.37,"2014-05-03 14:28:47",91.312,2
"AS14.24","appCat.office",2014-05-09,2014-05-12,3,"2014-05-09 14:34:30",78.925,"2014-05-12 13:16:52",26.142,2
"AS14.24","appCat.office",2014-05-13,2014-05-15,2,"2014-05-13 14:28:11",9.048,"2014-05-15 10:10:15",39.219,1
"AS14.24","appCat.other",2014-05-05,2014-05-07,2,"2014-05-05 09:31:26",12.111,"2014-05-07 09:11:13",9.152,1
"AS14.24","appCat.social",2014-05-02,2014-05-04,2,"2014-05-02 14:06:13",250.101,"2014-05-04 19:29:50",22.098,1
"AS14.24","appCat.social",2014-05-08,2014-05-10,2,"2014-05-08 11:10:46",1.017,"2014-05-10 01:13:54",14.105,1
"AS14.24","appCat.social",2014-05-30,2014-06-01,2,"2014-05-30 09:03:35",21.265,"2014-06-01 11:35:46",65.361,1
"AS14.24","appCat.social",2014-06-05,2014-06-07,2,"2014-06-05 08:16:28",18.109,"2014-06-07 23:26:19",59.572,1
"AS14.24","appCat.unknown",2014-04-30,2014-05-02,2,"2014-04-30 16:57:04",11.036,"2014-05-02 23:37:35",5.015,1
"AS14.24","appCat.utilities",2014-04-15,2014-04-17,2,"2014-04-15 16:00:52",2.044,"2014-04-17 14:02:34",1.259,1
"AS14.24","appCat.utilities",2014-04-18,2014-04-20,2,"2014-04-18 18:01:43",1.041,"2014-04-20 10:48:32",4.086,1
"AS14.24","appCat.utilities",2014-04-26,2014-04-28,2,"2014-04-26 16:25:11",1.008,"2014-04-28 11:09:31",3.011,1
"AS14.24","appCat.utilities",2014-05-10,2014-05-12,2,"2014-05-10 20:49:03",3.085,"2014-05-12 12:02:31",1.006,1
"AS14.24","appCat.utilities",2014-05-14,2014-05-16,2,"2014-05-14 14:30:27",16.96,"2014-05-16 23:59:35",5.029,1
"AS14.24","appCat.utilities",2014-05-30,2014-06-02,3,"2014-05-30 22:14:35",3.027,"2014-06-02 13:56:59",1.032,2
"AS14.24","appCat.utilities",2014-06-03,2014-06-06,3,"2014-06-03 09:30:20",3.14,"2014-06-06 10:37:20",2.072,2
"AS14.24","circumplex.arousal",2014-05-05,2014-05-07,2,"2014-05-05 09:00:00",-2,"2014-05-07 09:00:00",0,1
"AS14.24","circumplex.valence",2014-05-05,2014-05-07,2,"2014-05-05 09:00:00",0,"2014-05-07 09:00:00",1,1
"AS14.24","mood",2014-05-05,2014-05-07,2,"2014-05-05 09:00:00",5,"2014-05-07 09:00:00",6,1
"AS14.25","appCat.entertainment",2014-04-25,2014-04-28,3,"2014-04-25 07:53:58",1186.037,"2014-04-28 08:49:21",138.095,2
"AS14.25","appCat.entertainment",2014-04-30,2014-05-03,3,"2014-04-30 07:56:36",123.809,"2014-05-03 06:21:12",110.472,2
"AS14.25","appCat.entertainment",2014-05-04,2014-05-06,2,"2014-05-04 07:48:17",112.572,"2014-05-06 15:33:20",183.746,1
"AS14.25","appCat.game",2014-04-11,2014-04-13,2,"2014-04-11 00:59:40",40.733,"2014-04-13 00:40:53",266.713,1
"AS14.25","appCat.game",2014-04-22,2014-04-24,2,"2014-04-22 06:16:34",18.07,"2014-04-24 07:55:03",18.084,1
"AS14.25","appCat.game",2014-04-25,2014-04-27,2,"2014-04-25 07:45:42",39.272,"2014-04-27 16:50:23",60.088,1
"AS14.25","appCat.game",2014-04-29,2014-05-02,3,"2014-04-29 23:53:51",228.442,"2014-05-02 08:20:31",47.654,2
"AS14.25","appCat.office",2014-04-13,2014-04-16,3,"2014-04-13 01:25:03",1.013,"2014-04-16 09:36:09",13.091,2
"AS14.25","appCat.office",2014-04-17,2014-04-19,2,"2014-04-17 11:28:25",6.038,"2014-04-19 16:25:33",23.138,1
"AS14.25","appCat.office",2014-04-19,2014-04-22,3,"2014-04-19 16:25:33",23.138,"2014-04-22 12:56:19",2.007,2
"AS14.25","appCat.office",2014-04-23,2014-04-25,2,"2014-04-23 13:04:40",2.02,"2014-04-25 19:44:27",2.012,1
"AS14.25","appCat.office",2014-04-25,2014-04-27,2,"2014-04-25 19:44:27",2.012,"2014-04-27 13:53:43",5.018,1
"AS14.25","appCat.office",2014-04-28,2014-05-01,3,"2014-04-28 10:48:13",2.007,"2014-05-01 10:43:50",8.039,2
"AS14.25","appCat.office",2014-05-02,2014-05-05,3,"2014-05-02 08:51:14",9.071,"2014-05-05 06:30:53",41.337,2
"AS14.25","appCat.social",2014-04-26,2014-04-28,2,"2014-04-26 21:25:44",399.753,"2014-04-28 11:44:49",4.081,1
"AS14.25","appCat.social",2014-04-29,2014-05-01,2,"2014-04-29 10:00:42",5.043,"2014-05-01 11:10:37",39.001,1
"AS14.25","appCat.social",2014-05-03,2014-05-05,2,"2014-05-03 12:36:00",379.869,"2014-05-05 06:28:52",116.809,1
"AS14.25","appCat.social",2014-05-06,2014-05-08,2,"2014-05-06 10:57:10",931.505,"2014-05-08 07:12:37",52.222,1
"AS14.25","appCat.travel",2014-04-18,2014-04-20,2,"2014-04-18 13:23:11",42.269,"2014-04-20 15:42:17",37.179,1
"AS14.25","appCat.travel",2014-04-22,2014-04-24,2,"2014-04-22 12:29:22",6.034,"2014-04-24 10:27:36",2.018,1
"AS14.25","appCat.travel",2014-05-02,2014-05-04,2,"2014-05-02 22:33:12",30.266,"2014-05-04 00:25:51",36.173,1
"AS14.25","appCat.travel",2014-05-04,2014-05-06,2,"2014-05-04 00:25:51",36.173,"2014-05-06 10:53:24",63.298,1
"AS14.25","appCat.travel",2014-05-06,2014-05-08,2,"2014-05-06 10:53:24",63.298,"2014-05-08 07:19:28",87.602,1
"AS14.25","appCat.weather",2014-04-10,2014-04-13,3,"2014-04-10 23:44:23",21.103,"2014-04-13 10:40:17",12.054,2
"AS14.25","appCat.weather",2014-04-21,2014-04-23,2,"2014-04-21 13:09:52",25.468,"2014-04-23 18:39:50",9.127,1
"AS14.25","appCat.weather",2014-04-25,2014-04-28,3,"2014-04-25 00:04:26",47.906,"2014-04-28 08:15:00",20.151,2
"AS14.25","appCat.weather",2014-05-01,2014-05-04,3,"2014-05-01 22:48:07",15.079,"2014-05-04 00:35:22",41.287,2
"AS14.25","circumplex.arousal",2014-05-05,2014-05-07,2,"2014-05-05 12:00:00",0,"2014-05-07 08:00:00",0,1
"AS14.25","circumplex.valence",2014-05-05,2014-05-07,2,"2014-05-05 12:00:00",0,"2014-05-07 08:00:00",0,1
"AS14.25","mood",2014-05-05,2014-05-07,2,"2014-05-05 12:00:00",7,"2014-05-07 08:00:00",7,1
"AS14.26","appCat.entertainment",2014-04-21,2014-04-23,2,"2014-04-21 18:31:27",190.543,"2014-04-23 15:21:28",11.107,1
"AS14.26","appCat.entertainment",2014-04-28,2014-04-30,2,"2014-04-28 19:53:55",43.276,"2014-04-30 19:51:51",36.573,1
"AS14.26","appCat.entertainment",2014-04-30,2014-05-02,2,"2014-04-30 19:51:51",36.573,"2014-05-02 16:45:12",15.099,1
"AS14.26","appCat.entertainment",2014-05-06,2014-05-08,2,"2014-05-06 15:33:12",137.375,"2014-05-08 10:17:31",24.278,1
"AS14.26","appCat.entertainment",2014-05-09,2014-05-11,2,"2014-05-09 14:48:11",395.479,"2014-05-11 15:37:19",9.052,1
"AS14.26","appCat.entertainment",2014-05-22,2014-05-24,2,"2014-05-22 06:35:54",92.818,"2014-05-24 16:35:20",103.071,1
"AS14.26","appCat.other",2014-05-05,2014-05-07,2,"2014-05-05 09:49:35",6.127,"2014-05-07 10:01:35",6.015,1
"AS14.26","appCat.travel",2014-05-15,2014-05-17,2,"2014-05-15 22:05:17",70.374,"2014-05-17 23:16:15",54.498,1
"AS14.26","appCat.travel",2014-05-17,2014-05-20,3,"2014-05-17 23:16:15",54.498,"2014-05-20 21:51:20",106.591,2
"AS14.26","appCat.travel",2014-05-20,2014-05-23,3,"2014-05-20 21:51:20",106.591,"2014-05-23 16:39:07",46.305,2
"AS14.26","appCat.travel",2014-05-25,2014-05-28,3,"2014-05-25 10:50:59",72.582,"2014-05-28 10:44:05",40.141,2
"AS14.26","appCat.unknown",2014-04-22,2014-04-24,2,"2014-04-22 09:57:24",2.009,"2014-04-24 18:24:48",137.335,1
"AS14.26","appCat.unknown",2014-05-09,2014-05-12,3,"2014-05-09 21:19:56",53.358,"2014-05-12 16:03:53",64.403,2
"AS14.26","appCat.unknown",2014-05-18,2014-05-20,2,"2014-05-18 20:27:53",389.029,"2014-05-20 11:29:06",72.503,1
"AS14.26","appCat.utilities",2014-05-09,2014-05-12,3,"2014-05-09 14:54:55",30.225,"2014-05-12 15:48:02",24.091,2
"AS14.26","appCat.utilities",2014-05-12,2014-05-15,3,"2014-05-12 15:48:02",24.091,"2014-05-15 18:42:49",24.071,2
"AS14.26","appCat.utilities",2014-05-16,2014-05-18,2,"2014-05-16 23:06:35",24.199,"2014-05-18 18:36:58",26.175,1
"AS14.26","appCat.utilities",2014-05-22,2014-05-24,2,"2014-05-22 21:58:59",24.179,"2014-05-24 18:09:23",23.201,1
"AS14.26","appCat.utilities",2014-05-24,2014-05-27,3,"2014-05-24 18:09:23",23.201,"2014-05-27 09:39:45",27.128,2
"AS14.26","appCat.weather",2014-04-25,2014-04-27,2,"2014-04-25 17:41:52",8.038,"2014-04-27 15:07:07",25.162,1
"AS14.26","appCat.weather",2014-04-27,2014-04-29,2,"2014-04-27 15:07:07",25.162,"2014-04-29 10:14:16",36.149,1
"AS14.26","appCat.weather",2014-04-29,2014-05-02,3,"2014-04-29 10:14:16",36.149,"2014-05-02 20:23:23",12.076,2
"AS14.26","circumplex.arousal",2014-05-05,2014-05-07,2,"2014-05-05 09:00:00",0,"2014-05-07 10:00:00",0,1
"AS14.26","circumplex.valence",2014-05-05,2014-05-07,2,"2014-05-05 09:00:00",0,"2014-05-07 10:00:00",0,1
"AS14.26","mood",2014-05-05,2014-05-07,2,"2014-05-05 09:00:00",6,"2014-05-07 10:00:00",6,1
"AS14.27","appCat.game",2014-04-25,2014-04-27,2,"2014-04-25 14:39:43",80.42,"2014-04-27 18:30:45",32.152,1
"AS14.27","appCat.game",2014-05-02,2014-05-04,2,"2014-05-02 08:52:26",14.056,"2014-05-04 13:08:16",29.108,1
"AS14.27","appCat.game",2014-05-10,2014-05-12,2,"2014-05-10 12:28:43",12.076,"2014-05-12 12:24:49",45.848,1
"AS14.27","appCat.travel",2014-04-04,2014-04-06,2,"2014-04-04 16:02:08",76.707,"2014-04-06 20:39:49",27.328,1
"AS14.27","appCat.travel",2014-04-18,2014-04-21,3,"2014-04-18 10:16:48",55.494,"2014-04-21 22:25:55",76.057,2
"AS14.27","appCat.travel",2014-04-24,2014-04-26,2,"2014-04-24 07:40:17",48.243,"2014-04-26 00:46:57",23.12,1
"AS14.27","appCat.travel",2014-04-28,2014-05-01,3,"2014-04-28 08:12:02",18.077,"2014-05-01 22:20:46",310.69,2
"AS14.27","appCat.travel",2014-05-01,2014-05-03,2,"2014-05-01 22:20:46",310.69,"2014-05-03 20:12:25",112.418,1
"AS14.27","circumplex.arousal",2014-05-05,2014-05-07,2,"2014-05-05 09:00:00",1,"2014-05-07 08:00:00",-1,1
"AS14.27","circumplex.valence",2014-05-05,2014-05-07,2,"2014-05-05 09:00:00",0,"2014-05-07 08:00:00",1,1
"AS14.27","mood",2014-05-05,2014-05-07,2,"2014-05-05 09:00:00",7,"2014-05-07 08:00:00",8,1
"AS14.28","appCat.entertainment",2014-04-07,2014-04-09,2,"2014-04-07 09:14:40",123.809,"2014-04-09 08:03:00",84.966,1
"AS14.28","appCat.entertainment",2014-04-14,2014-04-16,2,"2014-04-14 17:51:01",38.197,"2014-04-16 19:05:15",32.317,1
"AS14.28","appCat.entertainment",2014-04-28,2014-05-01,3,"2014-04-28 08:40:04",33.517,"2014-05-01 18:58:21",30.1,2
"AS14.28","appCat.finance",2014-04-04,2014-04-07,3,"2014-04-04 13:34:27",14.065,"2014-04-07 22:20:32",5.277,2
"AS14.28","appCat.finance",2014-04-07,2014-04-09,2,"2014-04-07 22:20:32",5.277,"2014-04-09 11:22:01",5.019,1
"AS14.28","appCat.finance",2014-04-12,2014-04-14,2,"2014-04-12 13:23:04",5.012,"2014-04-14 08:09:16",4.011,1
"AS14.28","appCat.finance",2014-04-23,2014-04-25,2,"2014-04-23 08:02:36",5.015,"2014-04-25 09:12:58",5.101,1
"AS14.28","appCat.finance",2014-05-03,2014-05-05,2,"2014-05-03 21:18:58",5.011,"2014-05-05 21:21:22",5.013,1
"AS14.28","appCat.game",2014-04-02,2014-04-04,2,"2014-04-02 21:17:02",63.557,"2014-04-04 13:05:36",56.843,1
"AS14.28","appCat.game",2014-04-05,2014-04-07,2,"2014-04-05 16:56:59",45.369,"2014-04-07 20:35:11",15.053,1
"AS14.28","appCat.game",2014-04-10,2014-04-12,2,"2014-04-10 21:47:16",11.133,"2014-04-12 10:58:51",50.26,1
"AS14.28","appCat.game",2014-04-18,2014-04-20,2,"2014-04-18 10:21:04",443.659,"2014-04-20 08:27:18",211.4,1
"AS14.28","appCat.other",2014-04-28,2014-04-30,2,"2014-04-28 08:27:45",664.843,"2014-04-30 19:37:41",15.542,1
"AS14.28","appCat.social",2014-04-28,2014-04-30,2,"2014-04-28 08:14:57",15.25,"2014-04-30 17:45:30",26.091,1
"AS14.28","appCat.travel",2014-04-04,2014-04-07,3,"2014-04-04 10:21:24",52.271,"2014-04-07 16:49:19",109.069,2
"AS14.28","appCat.travel",2014-04-08,2014-04-10,2,"2014-04-08 07:39:27",82.338,"2014-04-10 19:44:38",185.501,1
"AS14.28","appCat.travel",2014-04-11,2014-04-14,3,"2014-04-11 11:56:28",98.924,"2014-04-14 18:56:27",7.27,2
"AS14.28","appCat.travel",2014-04-19,2014-04-21,2,"2014-04-19 22:22:31",48.123,"2014-04-21 19:58:30",26.109,1
"AS14.28","appCat.travel",2014-04-23,2014-04-25,2,"2014-04-23 13:08:41",24.337,"2014-04-25 15:36:01",32.341,1
"AS14.28","appCat.travel",2014-04-28,2014-05-01,3,"2014-04-28 08:17:13",20.312,"2014-05-01 12:35:26",37.5,2
"AS14.28","appCat.travel",2014-05-02,2014-05-04,2,"2014-05-02 15:31:48",30.166,"2014-05-04 20:50:20",10.147,1
"AS14.28","appCat.unknown",2014-04-06,2014-04-08,2,"2014-04-06 09:44:29",21.088,"2014-04-08 08:54:31",19.103,1
"AS14.28","appCat.unknown",2014-04-19,2014-04-21,2,"2014-04-19 09:00:27",18.08,"2014-04-21 22:38:44",43.577,1
"AS14.28","appCat.unknown",2014-04-21,2014-04-23,2,"2014-04-21 22:38:44",43.577,"2014-04-23 18:57:08",16.097,1
"AS14.28","appCat.unknown",2014-04-23,2014-04-26,3,"2014-04-23 18:57:08",16.097,"2014-04-26 15:52:08",40.239,2
"AS14.28","appCat.unknown",2014-04-27,2014-04-30,3,"2014-04-27 10:57:34",24.225,"2014-04-30 22:13:41",59.238,2
"AS14.28","appCat.unknown",2014-05-03,2014-05-05,2,"2014-05-03 08:33:39",46.672,"2014-05-05 10:31:37",56.426,1
"AS14.28","appCat.utilities",2014-03-31,2014-04-02,2,"2014-03-31 18:13:43",3.045,"2014-04-02 12:25:23",47.299,1
"AS14.28","appCat.utilities",2014-04-02,2014-04-04,2,"2014-04-02 12:25:23",47.299,"2014-04-04 17:22:28",19.063,1
"AS14.28","appCat.utilities",2014-04-15,2014-04-18,3,"2014-04-15 15:35:44",2.097,"2014-04-18 09:53:38",23.719,2
"AS14.28","appCat.utilities",2014-04-22,2014-04-24,2,"2014-04-22 10:53:40",14.319,"2014-04-24 10:15:14",9.044,1
"AS14.28","appCat.utilities",2014-04-25,2014-04-27,2,"2014-04-25 18:38:36",10.033,"2014-04-27 12:23:03",8.143,1
"AS14.28","appCat.utilities",2014-04-28,2014-04-30,2,"2014-04-28 11:55:56",7.022,"2014-04-30 22:13:23",12.065,1
"AS14.28","appCat.utilities",2014-04-30,2014-05-02,2,"2014-04-30 22:13:23",12.065,"2014-05-02 08:05:59",5.405,1
"AS14.28","appCat.weather",2014-04-05,2014-04-07,2,"2014-04-05 22:06:19",5.05,"2014-04-07 07:38:17",55.789,1
"AS14.28","appCat.weather",2014-04-08,2014-04-11,3,"2014-04-08 02:04:06",15.784,"2014-04-11 20:41:48",10.104,2
"AS14.28","appCat.weather",2014-04-16,2014-04-18,2,"2014-04-16 07:48:50",41.545,"2014-04-18 08:19:03",56.036,1
"AS14.28","appCat.weather",2014-04-19,2014-04-21,2,"2014-04-19 22:20:52",13.118,"2014-04-21 07:46:00",39.01,1
"AS14.28","appCat.weather",2014-05-01,2014-05-03,2,"2014-05-01 20:38:50",40.242,"2014-05-03 21:18:04",43.93,1
"AS14.28","circumplex.arousal",2014-05-05,2014-05-07,2,"2014-05-05 10:00:00",0,"2014-05-07 08:00:00",0,1
"AS14.28","circumplex.valence",2014-05-05,2014-05-07,2,"2014-05-05 10:00:00",1,"2014-05-07 08:00:00",1,1
"AS14.28","mood",2014-05-05,2014-05-07,2,"2014-05-05 10:00:00",7,"2014-05-07 08:00:00",8,1
"AS14.28","screen",2014-04-28,2014-04-30,2,"2014-04-28 01:13:15",19.7660000324249,"2014-04-30 17:43:29",162.976000070572,1
"AS14.29","appCat.entertainment",2014-04-02,2014-04-04,2,"2014-04-02 18:26:21",7.023,"2014-04-04 20:20:07",38.06,1
"AS14.29","appCat.entertainment",2014-04-04,2014-04-07,3,"2014-04-04 20:20:07",38.06,"2014-04-07 12:44:02",47.142,2
"AS14.29","appCat.entertainment",2014-04-08,2014-04-10,2,"2014-04-08 10:14:23",25.086,"2014-04-10 11:12:19",28.123,1
"AS14.29","appCat.entertainment",2014-04-12,2014-04-14,2,"2014-04-12 13:31:05",61.603,"2014-04-14 07:43:11",12.036,1
"AS14.29","appCat.entertainment",2014-04-24,2014-04-27,3,"2014-04-24 18:27:34",1088.969,"2014-04-27 18:21:27",72.143,2
"AS14.29","appCat.entertainment",2014-04-30,2014-05-03,3,"2014-04-30 08:47:50",78.997,"2014-05-03 09:01:57",30.281,2
"AS14.29","appCat.entertainment",2014-05-10,2014-05-12,2,"2014-05-10 11:30:36",28.157,"2014-05-12 13:57:37",127.544,1
"AS14.29","appCat.other",2014-05-01,2014-05-03,2,"2014-05-01 09:26:36",7.017,"2014-05-03 09:56:53",14.052,1
"AS14.29","appCat.travel",2014-04-05,2014-04-08,3,"2014-04-05 09:54:27",131.7,"2014-04-08 07:58:34",44.236,2
"AS14.29","appCat.travel",2014-04-13,2014-04-16,3,"2014-04-13 10:39:53",42.624,"2014-04-16 17:30:47",91.277,2
"AS14.29","appCat.travel",2014-04-19,2014-04-22,3,"2014-04-19 11:32:23",30.28,"2014-04-22 07:48:51",114.855,2
"AS14.29","appCat.travel",2014-04-26,2014-04-28,2,"2014-04-26 01:26:33",47.182,"2014-04-28 13:02:42",41.124,1
"AS14.29","appCat.travel",2014-04-30,2014-05-02,2,"2014-04-30 10:27:25",40.438,"2014-05-02 08:57:59",95.44,1
"AS14.29","appCat.travel",2014-05-02,2014-05-05,3,"2014-05-02 08:57:59",95.44,"2014-05-05 12:39:57",38.32,2
"AS14.29","appCat.utilities",2014-04-06,2014-04-09,3,"2014-04-06 21:32:25",1.004,"2014-04-09 22:36:40",1.002,2
"AS14.29","appCat.utilities",2014-04-09,2014-04-11,2,"2014-04-09 22:36:40",1.002,"2014-04-11 21:53:36",1.021,1
"AS14.29","appCat.utilities",2014-04-23,2014-04-25,2,"2014-04-23 12:07:38",27.062,"2014-04-25 12:25:57",1.042,1
"AS14.29","appCat.utilities",2014-05-10,2014-05-13,3,"2014-05-10 12:13:26",1.007,"2014-05-13 16:22:33",4.009,2
"AS14.29","circumplex.arousal",2014-05-01,2014-05-03,2,"2014-05-01 09:00:00",-1,"2014-05-03 09:00:00",1,1
"AS14.29","circumplex.arousal",2014-05-05,2014-05-07,2,"2014-05-05 09:00:00",-2,"2014-05-07 08:00:00",-1,1
"AS14.29","circumplex.valence",2014-05-01,2014-05-03,2,"2014-05-01 09:00:00",0,"2014-05-03 09:00:00",1,1
"AS14.29","circumplex.valence",2014-05-05,2014-05-07,2,"2014-05-05 09:00:00",0,"2014-05-07 08:00:00",1,1
"AS14.29","mood",2014-05-01,2014-05-03,2,"2014-05-01 09:00:00",7,"2014-05-03 09:00:00",8,1
"AS14.29","mood",2014-05-05,2014-05-07,2,"2014-05-05 09:00:00",6,"2014-05-07 08:00:00",7,1
"AS14.30","appCat.finance",2014-03-25,2014-03-27,2,"2014-03-25 18:22:35",8.044,"2014-03-27 08:46:28",8.037,1
"AS14.30","appCat.finance",2014-04-02,2014-04-04,2,"2014-04-02 09:49:35",7.024,"2014-04-04 21:48:04",10.038,1
"AS14.30","appCat.finance",2014-04-05,2014-04-08,3,"2014-04-05 19:29:45",7.04,"2014-04-08 18:15:38",8.049,2
"AS14.30","appCat.finance",2014-04-08,2014-04-10,2,"2014-04-08 18:15:38",8.049,"2014-04-10 12:08:36",7.019,1
"AS14.30","appCat.finance",2014-04-11,2014-04-13,2,"2014-04-11 11:39:34",8.103,"2014-04-13 17:06:24",7.021,1
"AS14.30","appCat.finance",2014-04-13,2014-04-15,2,"2014-04-13 17:06:24",7.021,"2014-04-15 10:05:02",24.132,1
"AS14.30","appCat.finance",2014-04-19,2014-04-21,2,"2014-04-19 20:10:18",7.026,"2014-04-21 23:35:52",8.089,1
"AS14.30","appCat.finance",2014-04-29,2014-05-02,3,"2014-04-29 22:01:26",8.046,"2014-05-02 00:04:28",14.071,2
"AS14.30","appCat.game",2014-04-21,2014-04-23,2,"2014-04-21 14:46:16",4.021,"2014-04-23 17:29:01",94.599,1
"AS14.30","appCat.game",2014-04-25,2014-04-28,3,"2014-04-25 13:02:10",226.119,"2014-04-28 00:44:46",328.626,2
"AS14.30","appCat.game",2014-04-29,2014-05-01,2,"2014-04-29 23:18:35",644.11,"2014-05-01 19:02:45",469.749,1
"AS14.30","appCat.office",2014-03-24,2014-03-26,2,"2014-03-24 13:23:40",106.734,"2014-03-26 18:21:18",246.334,1
"AS14.30","appCat.office",2014-04-03,2014-04-05,2,"2014-04-03 12:04:27",76.744,"2014-04-05 21:15:32",10.073,1
"AS14.30","appCat.office",2014-04-13,2014-04-15,2,"2014-04-13 10:10:13",47.282,"2014-04-15 11:43:26",108.721,1
"AS14.30","appCat.office",2014-04-26,2014-04-28,2,"2014-04-26 01:12:00",11.033,"2014-04-28 14:35:23",5.184,1
"AS14.30","appCat.office",2014-04-28,2014-04-30,2,"2014-04-28 14:35:23",5.184,"2014-04-30 09:02:00",5.021,1
"AS14.30","appCat.travel",2014-03-28,2014-03-30,2,"2014-03-28 21:32:05",23.589,"2014-03-30 12:41:27",45.724,1
"AS14.30","appCat.travel",2014-04-01,2014-04-03,2,"2014-04-01 18:33:31",20.391,"2014-04-03 21:57:39",2.01,1
"AS14.30","appCat.travel",2014-04-04,2014-04-07,3,"2014-04-04 15:26:43",73.846,"2014-04-07 11:24:13",32.218,2
"AS14.30","appCat.travel",2014-04-08,2014-04-10,2,"2014-04-08 10:47:45",3.011,"2014-04-10 22:33:23",12.082,1
"AS14.30","appCat.travel",2014-04-25,2014-04-28,3,"2014-04-25 18:47:03",50.25,"2014-04-28 11:10:28",77.396,2
"AS14.30","appCat.unknown",2014-03-28,2014-03-30,2,"2014-03-28 07:27:58",212.652,"2014-03-30 21:04:19",2.007,1
"AS14.30","appCat.unknown",2014-04-06,2014-04-08,2,"2014-04-06 10:05:51",4.37,"2014-04-08 11:28:42",2.016,1
"AS14.30","appCat.unknown",2014-04-19,2014-04-21,2,"2014-04-19 17:04:12",21.102,"2014-04-21 09:39:25",1273.763,1
"AS14.30","appCat.unknown",2014-04-22,2014-04-25,3,"2014-04-22 11:24:09",504.445,"2014-04-25 15:08:24",71.58,2
"AS14.30","appCat.unknown",2014-04-26,2014-04-28,2,"2014-04-26 01:22:02",17.128,"2014-04-28 19:49:38",1.003,1
"AS14.30","appCat.utilities",2014-04-25,2014-04-27,2,"2014-04-25 14:52:24",2.009,"2014-04-27 09:46:12",11.082,1
"AS14.30","appCat.weather",2014-03-24,2014-03-26,2,"2014-03-24 08:35:37",15.07,"2014-03-26 08:50:33",6.087,1
"AS14.31","activity",2014-05-05,2014-05-07,2,"2014-05-05 00:00:00",0,"2014-05-07 20:00:00",0.25,1
"AS14.31","appCat.builtin",2014-05-05,2014-05-07,2,"2014-05-05 10:30:03",3.302,"2014-05-07 20:59:47",14.284,1
"AS14.31","appCat.communication",2014-05-04,2014-05-07,3,"2014-05-04 21:22:20",4.132,"2014-05-07 21:00:08",2.004,2
"AS14.31","appCat.entertainment",2014-04-11,2014-04-13,2,"2014-04-11 08:36:16",24.516,"2014-04-13 14:59:43",21.625,1
"AS14.31","appCat.finance",2014-04-03,2014-04-05,2,"2014-04-03 17:08:26",19.074,"2014-04-05 12:43:22",2.034,1
"AS14.31","appCat.finance",2014-04-09,2014-04-11,2,"2014-04-09 21:54:33",27.095,"2014-04-11 18:03:10",129.439,1
"AS14.31","appCat.finance",2014-04-12,2014-04-14,2,"2014-04-12 22:16:12",32.255,"2014-04-14 18:41:50",6.018,1
"AS14.31","appCat.finance",2014-04-21,2014-04-23,2,"2014-04-21 13:22:38",74.317,"2014-04-23 12:12:58",147.686,1
"AS14.31","appCat.finance",2014-04-24,2014-04-26,2,"2014-04-24 12:46:41",32.102,"2014-04-26 11:32:54",85.333,1
"AS14.31","appCat.finance",2014-04-26,2014-04-28,2,"2014-04-26 11:32:54",85.333,"2014-04-28 13:11:07",72.246,1
"AS14.31","appCat.finance",2014-04-29,2014-05-01,2,"2014-04-29 07:59:04",28.087,"2014-05-01 17:18:13",28.083,1
"AS14.31","appCat.office",2014-04-05,2014-04-08,3,"2014-04-05 09:34:44",1.011,"2014-04-08 20:03:24",2.401,2
"AS14.31","appCat.office",2014-04-14,2014-04-16,2,"2014-04-14 07:12:46",2.299,"2014-04-16 12:49:45",2.005,1
"AS14.31","appCat.office",2014-04-17,2014-04-20,3,"2014-04-17 08:00:51",13.046,"2014-04-20 13:56:35",22.217,2
"AS14.31","appCat.office",2014-04-24,2014-04-26,2,"2014-04-24 16:42:40",4.008,"2014-04-26 11:55:03",2.004,1
"AS14.31","appCat.other",2014-05-03,2014-05-05,2,"2014-05-03 10:11:29",2.196,"2014-05-05 11:39:05",14.034,1
"AS14.31","appCat.social",2014-04-04,2014-04-06,2,"2014-04-04 12:30:45",166.69,"2014-04-06 01:22:08",17.041,1
"AS14.31","appCat.social",2014-04-14,2014-04-16,2,"2014-04-14 09:05:42",13.036,"2014-04-16 06:31:05",17.036,1
"AS14.31","appCat.travel",2014-04-30,2014-05-02,2,"2014-04-30 18:21:30",47.282,"2014-05-02 18:18:14",44.264,1
"AS14.31","appCat.utilities",2014-04-06,2014-04-08,2,"2014-04-06 02:42:46",35.175,"2014-04-08 06:15:10",103.298,1
"AS14.31","appCat.utilities",2014-04-11,2014-04-13,2,"2014-04-11 03:38:14",24.594,"2014-04-13 03:57:16",32.38,1
"AS14.31","circumplex.arousal",2014-05-05,2014-05-07,2,"2014-05-05 09:00:00",1,"2014-05-07 08:00:00",1,1
"AS14.31","circumplex.valence",2014-05-05,2014-05-07,2,"2014-05-05 09:00:00",1,"2014-05-07 08:00:00",1,1
"AS14.31","mood",2014-05-05,2014-05-07,2,"2014-05-05 09:00:00",7,"2014-05-07 08:00:00",7,1
"AS14.31","screen",2014-05-05,2014-05-07,2,"2014-05-05 10:30:03",3.30199980735779,"2014-05-07 21:01:48",0.263999938964844,1
"AS14.32","appCat.builtin",2014-04-25,2014-04-27,2,"2014-04-25 07:46:26",15.39,"2014-04-27 00:43:26",1.065,1
"AS14.32","appCat.builtin",2014-05-11,2014-05-13,2,"2014-05-11 00:07:15",14.863,"2014-05-13 10:30:14",2.265,1
"AS14.32","appCat.other",2014-04-18,2014-04-20,2,"2014-04-18 09:42:45",79.453,"2014-04-20 23:47:48",6.122,1
"AS14.32","appCat.other",2014-04-21,2014-04-23,2,"2014-04-21 00:48:19",9.638,"2014-04-23 07:32:43",9.443,1
"AS14.32","appCat.other",2014-04-25,2014-04-27,2,"2014-04-25 09:18:21",5.044,"2014-04-27 18:51:07",10.593,1
"AS14.32","appCat.social",2014-04-01,2014-04-04,3,"2014-04-01 22:43:35",13.199,"2014-04-04 16:21:28",61.324,2
"AS14.32","appCat.social",2014-04-06,2014-04-08,2,"2014-04-06 09:23:02",147.515,"2014-04-08 16:03:59",48.579,1
"AS14.32","appCat.social",2014-04-08,2014-04-10,2,"2014-04-08 16:03:59",48.579,"2014-04-10 14:28:20",338.005,1
"AS14.32","appCat.social",2014-04-10,2014-04-12,2,"2014-04-10 14:28:20",338.005,"2014-04-12 17:04:00",92.404,1
"AS14.32","appCat.social",2014-04-13,2014-04-16,3,"2014-04-13 11:45:44",1.144,"2014-04-16 21:36:45",363.157,2
"AS14.32","appCat.social",2014-04-16,2014-04-18,2,"2014-04-16 21:36:45",363.157,"2014-04-18 06:25:42",7.189,1
"AS14.32","appCat.social",2014-04-19,2014-04-22,3,"2014-04-19 16:47:11",186.998,"2014-04-22 22:40:15",595.034,2
"AS14.32","appCat.social",2014-04-25,2014-04-27,2,"2014-04-25 07:57:44",25.073,"2014-04-27 10:40:22",73.407,1
"AS14.32","appCat.social",2014-05-05,2014-05-07,2,"2014-05-05 07:24:14",341.933,"2014-05-07 06:38:25",1.007,1
"AS14.32","appCat.social",2014-05-07,2014-05-10,3,"2014-05-07 06:38:25",1.007,"2014-05-10 09:11:21",609.306,2
"AS14.32","appCat.travel",2014-04-03,2014-04-06,3,"2014-04-03 06:09:04",51.266,"2014-04-06 16:25:43",95.362,2
"AS14.32","appCat.travel",2014-04-07,2014-04-09,2,"2014-04-07 13:08:00",53.629,"2014-04-09 22:32:02",85.631,1
"AS14.32","appCat.travel",2014-04-09,2014-04-11,2,"2014-04-09 22:32:02",85.631,"2014-04-11 20:25:34",114.418,1
"AS14.32","appCat.travel",2014-04-11,2014-04-13,2,"2014-04-11 20:25:34",114.418,"2014-04-13 22:20:30",32.605,1
"AS14.32","appCat.travel",2014-04-14,2014-04-16,2,"2014-04-14 22:51:06",32.21,"2014-04-16 20:13:59",51.884,1
"AS14.32","appCat.travel",2014-04-25,2014-04-28,3,"2014-04-25 09:18:40",19.35,"2014-04-28 21:35:47",63.353,2
"AS14.32","appCat.travel",2014-04-28,2014-04-30,2,"2014-04-28 21:35:47",63.353,"2014-04-30 16:35:04",72.131,1
"AS14.32","appCat.travel",2014-04-30,2014-05-02,2,"2014-04-30 16:35:04",72.131,"2014-05-02 13:06:38",32.361,1
"AS14.32","appCat.travel",2014-05-07,2014-05-09,2,"2014-05-07 07:41:44",38.801,"2014-05-09 07:39:56",45.287,1
"AS14.32","appCat.utilities",2014-04-04,2014-04-06,2,"2014-04-04 07:52:06",5.024,"2014-04-06 22:37:36",5.004,1
"AS14.32","circumplex.arousal",2014-04-18,2014-04-21,3,"2014-04-18 13:00:00",-1,"2014-04-21 00:00:00",-2,2
"AS14.32","circumplex.arousal",2014-04-21,2014-04-23,2,"2014-04-21 00:00:00",-2,"2014-04-23 09:00:00",0,1
"AS14.32","circumplex.arousal",2014-04-25,2014-04-27,2,"2014-04-25 09:00:00",0,"2014-04-27 18:00:00",0,1
"AS14.32","circumplex.arousal",2014-05-05,2014-05-07,2,"2014-05-05 09:00:00",0,"2014-05-07 12:00:00",-1,1
"AS14.32","circumplex.valence",2014-04-18,2014-04-21,3,"2014-04-18 13:00:00",1,"2014-04-21 00:00:00",-1,2
"AS14.32","circumplex.valence",2014-04-21,2014-04-23,2,"2014-04-21 00:00:00",-1,"2014-04-23 09:00:00",0,1
"AS14.32","circumplex.valence",2014-04-25,2014-04-27,2,"2014-04-25 09:00:00",1,"2014-04-27 18:00:00",0,1
"AS14.32","circumplex.valence",2014-05-05,2014-05-07,2,"2014-05-05 09:00:00",1,"2014-05-07 12:00:00",-1,1
"AS14.32","mood",2014-04-18,2014-04-21,3,"2014-04-18 13:00:00",7,"2014-04-21 00:00:00",6,2
"AS14.32","mood",2014-04-21,2014-04-23,2,"2014-04-21 00:00:00",6,"2014-04-23 09:00:00",7,1
"AS14.32","mood",2014-04-25,2014-04-27,2,"2014-04-25 09:00:00",8,"2014-04-27 18:00:00",7,1
"AS14.32","mood",2014-05-05,2014-05-07,2,"2014-05-05 09:00:00",8,"2014-05-07 12:00:00",6,1
"AS14.33","appCat.communication",2014-05-01,2014-05-03,2,"2014-05-01 00:30:14",112.61,"2014-05-03 09:57:17",14.079,1
"AS14.33","appCat.entertainment",2014-05-01,2014-05-03,2,"2014-05-01 07:24:36",131.639,"2014-05-03 20:27:10",2.01,1
"AS14.33","appCat.office",2014-05-26,2014-05-28,2,"2014-05-26 15:25:38",130.53,"2014-05-28 14:51:37",209.131,1
"AS14.33","appCat.other",2014-05-05,2014-05-07,2,"2014-05-05 10:19:25",8.03,"2014-05-07 09:38:48",11.035,1
"AS14.33","appCat.social",2014-05-01,2014-05-03,2,"2014-05-01 00:07:55",210.814,"2014-05-03 00:17:18",5.011,1
"AS14.33","appCat.travel",2014-04-22,2014-04-24,2,"2014-04-22 13:06:44",52.436,"2014-04-24 10:54:17",19.304,1
"AS14.33","appCat.travel",2014-05-01,2014-05-04,3,"2014-05-01 11:36:04",31.101,"2014-05-04 14:19:58",3.013,2
"AS14.33","appCat.travel",2014-05-11,2014-05-13,2,"2014-05-11 22:19:33",4.027,"2014-05-13 12:58:34",4.01,1
"AS14.33","appCat.travel",2014-05-13,2014-05-15,2,"2014-05-13 12:58:34",4.01,"2014-05-15 11:59:27",77.962,1
"AS14.33","appCat.utilities",2014-04-22,2014-04-24,2,"2014-04-22 07:08:27",4.016,"2014-04-24 07:19:14",6.091,1
"AS14.33","appCat.utilities",2014-04-24,2014-04-26,2,"2014-04-24 07:19:14",6.091,"2014-04-26 13:18:29",5.073,1
"AS14.33","appCat.utilities",2014-04-29,2014-05-01,2,"2014-04-29 00:25:25",3.009,"2014-05-01 07:49:47",5.02,1
"AS14.33","appCat.utilities",2014-05-02,2014-05-04,2,"2014-05-02 00:39:52",6.024,"2014-05-04 11:05:45",3.205,1
"AS14.33","appCat.utilities",2014-05-04,2014-05-06,2,"2014-05-04 11:05:45",3.205,"2014-05-06 08:07:08",3.041,1
"AS14.33","appCat.utilities",2014-05-10,2014-05-13,3,"2014-05-10 12:29:40",1.64,"2014-05-13 10:28:19",12.474,2
"AS14.33","appCat.utilities",2014-05-13,2014-05-15,2,"2014-05-13 10:28:19",12.474,"2014-05-15 07:15:33",13.607,1
"AS14.33","appCat.utilities",2014-05-16,2014-05-18,2,"2014-05-16 14:00:23",19.074,"2014-05-18 02:09:35",3.014,1
"AS14.33","appCat.utilities",2014-05-22,2014-05-25,3,"2014-05-22 19:54:11",3.636,"2014-05-25 03:39:47",5.018,2
"AS14.33","appCat.utilities",2014-05-25,2014-05-27,2,"2014-05-25 03:39:47",5.018,"2014-05-27 11:30:49",1.001,1
"AS14.33","circumplex.arousal",2014-05-01,2014-05-04,3,"2014-05-01 09:00:00",-2,"2014-05-04 04:00:00",2,2
"AS14.33","circumplex.arousal",2014-05-05,2014-05-07,2,"2014-05-05 10:00:00",-2,"2014-05-07 09:00:00",-2,1
"AS14.33","circumplex.valence",2014-05-01,2014-05-04,3,"2014-05-01 09:00:00",0,"2014-05-04 04:00:00",2,2
"AS14.33","circumplex.valence",2014-05-05,2014-05-07,2,"2014-05-05 10:00:00",1,"2014-05-07 09:00:00",1,1
"AS14.33","mood",2014-05-01,2014-05-04,3,"2014-05-01 09:00:00",6,"2014-05-04 04:00:00",10,2
"AS14.33","mood",2014-05-05,2014-05-07,2,"2014-05-05 10:00:00",8,"2014-05-07 09:00:00",7,1
